CustomerID,Frequency,Monetary,R_Score,F_Score,M_Score,Churn
12346.0,2,0.0,1,2,1,1
12347.0,7,4310.0,5,4,5,0
12348.0,4,1797.24,2,3,4,0
12349.0,1,1757.55,4,1,4,0
12350.0,1,334.40000000000003,1,1,2,1
12352.0,11,1545.41,3,5,4,0
12353.0,1,89.0,1,1,1,1
12354.0,1,1079.4,1,1,4,1
12355.0,1,459.4,1,1,2,1
12356.0,3,2811.43,4,3,5,0
12357.0,1,6207.67,3,1,5,0
12358.0,2,1168.06,5,2,4,0
12359.0,6,6182.9800000000005,5,4,5,0
12360.0,3,2662.06,3,3,5,0
12361.0,1,189.9,1,1,1,1
12362.0,13,5154.58,5,5,5,0
12363.0,2,552.0,2,2,3,1
12364.0,4,1313.1,5,3,4,0
12365.0,3,320.69,1,3,2,1
12367.0,1,168.9,5,1,1,0
12370.0,4,3541.94,3,3,5,0
12371.0,2,1887.96,3,2,4,0
12372.0,3,1298.04,2,3,4,0
12373.0,1,364.6,1,1,2,1
12374.0,1,742.9300000000001,4,1,3,0
12375.0,3,455.42,5,3,2,0
12377.0,2,1628.12,1,2,4,1
12378.0,1,4008.62,2,1,5,1
12379.0,3,850.29,2,3,3,0
12380.0,5,2720.56,4,4,5,0
12381.0,6,1803.96,5,4,4,0
12383.0,6,1839.31,1,4,4,1
12384.0,3,566.16,4,3,3,0
12386.0,2,401.9,1,2,2,1
12388.0,6,2780.6600000000003,4,4,5,0
12390.0,1,549.84,2,1,3,0
12391.0,1,439.66,4,1,2,0
12393.0,4,1582.6,2,4,4,0
12394.0,2,1272.48,3,2,4,0
12395.0,15,2998.28,4,5,5,0
12397.0,2,2409.9,3,2,5,0
12398.0,1,1635.66,3,1,4,0
12399.0,4,1108.65,2,4,4,1
12401.0,1,84.3,1,1,1,1
12402.0,1,225.6,1,1,1,1
12403.0,2,409.7,3,2,2,0
12405.0,1,1710.39,2,1,4,1
12406.0,3,3280.75,4,3,5,0
12407.0,5,1708.12,3,4,4,0
12408.0,9,2842.57,3,5,5,0
12409.0,7,11056.93,2,4,5,0
12410.0,3,681.08,1,3,3,1
12412.0,3,1226.88,2,3,4,0
12413.0,5,694.15,3,4,3,0
12414.0,3,562.4100000000001,1,3,3,1
12415.0,26,123725.45,4,5,5,0
12417.0,12,3578.8,5,5,5,0
12418.0,1,668.58,2,1,3,1
12420.0,1,600.39,3,1,3,0
12421.0,5,806.27,4,4,3,0
12422.0,3,803.5600000000001,2,3,3,1
12423.0,9,1849.11,5,5,4,0
12424.0,2,1760.96,2,2,4,1
12425.0,1,777.2,2,1,3,0
12426.0,1,582.73,1,1,3,1
12427.0,5,708.37,4,4,3,0
12428.0,12,7877.2,4,5,5,0
12429.0,4,3750.4,5,4,5,0
12430.0,1,256.4,3,1,2,0
12431.0,18,6348.89,3,5,5,0
12432.0,5,5059.32,3,4,5,0
12433.0,7,13375.87,5,4,5,0
12434.0,4,765.19,2,4,3,0
12435.0,2,7829.89,2,2,5,0
12436.0,1,509.01,2,1,3,1
12437.0,19,4896.66,5,5,5,0
12438.0,2,2906.85,4,2,5,0
12441.0,1,173.55,1,1,1,1
12442.0,1,172.06,5,1,1,0
12444.0,5,5005.46,4,4,5,0
12445.0,1,133.4,4,1,1,0
12446.0,1,1002.31,3,1,4,0
12447.0,1,476.49,1,1,3,1
12448.0,1,449.45,3,1,2,0
12449.0,4,4067.29,4,4,5,0
12450.0,2,197.88,2,2,1,1
12451.0,6,8933.52,5,4,5,0
12452.0,3,428.5700000000001,4,3,2,0
12453.0,1,707.09,2,1,3,1
12454.0,2,5.684341886080803e-14,3,2,1,0
12455.0,6,2466.86,2,4,5,0
12456.0,4,3153.89,3,4,5,0
12457.0,12,1917.78,3,5,4,0
12458.0,2,947.4,3,2,4,0
12461.0,2,826.88,2,2,3,1
12462.0,4,1124.01,5,4,4,0
12463.0,7,1303.63,3,4,4,0
12464.0,8,1212.05,5,5,4,0
12465.0,3,733.89,5,3,3,0
12468.0,3,724.04,2,3,3,1
12471.0,49,18705.52,5,5,5,0
12472.0,13,6229.4800000000005,4,5,5,0
12473.0,9,2837.73,4,5,5,0
12474.0,30,7064.77,4,5,5,0
12475.0,1,723.38,3,1,3,0
12476.0,20,6546.58,5,5,5,0
12477.0,9,13117.01,4,5,5,0
12478.0,1,680.99,5,1,3,0
12479.0,3,477.3,5,3,3,0
12480.0,4,3281.63,4,4,5,0
12481.0,11,5574.36,4,5,5,0
12483.0,13,2327.13,4,5,5,0
12484.0,8,4480.87,3,5,5,0
12488.0,3,1298.66,5,3,4,0
12489.0,1,334.93,1,1,2,1
12490.0,10,5417.93,5,5,5,0
12491.0,1,460.4,3,1,2,0
12492.0,2,263.21000000000004,3,2,2,0
12493.0,3,416.79,2,3,2,1
12494.0,13,1139.35,5,5,4,0
12497.0,1,1043.1,2,1,4,0
12498.0,3,403.7000000000001,4,3,2,0
12500.0,13,4206.27,4,5,5,0
12501.0,2,2089.68,1,2,5,1
12502.0,5,3723.87,2,4,5,1
12503.0,1,-1126.0,1,1,1,1
12504.0,4,114.0,4,4,1,0
12505.0,1,-4.5,1,1,1,1
12506.0,1,73.5,1,1,1,1
12507.0,4,1258.06,2,4,4,1
12508.0,2,397.88,4,2,2,0
12509.0,1,176.5,1,1,1,1
12510.0,2,982.57,2,2,4,1
12512.0,2,132.18,3,2,1,0
12513.0,2,586.79,2,2,3,0
12514.0,1,1017.68,1,1,4,1
12515.0,1,383.7,1,1,2,1
12516.0,2,1312.06,2,2,4,0
12517.0,6,2443.65,4,4,5,0
12518.0,5,2056.89,5,4,5,0
12519.0,1,330.84000000000003,3,1,2,0
12520.0,6,2582.51,2,4,5,0
12521.0,1,599.68,2,1,3,1
12522.0,2,192.72,3,2,1,0
12523.0,13,1745.57,5,5,4,0
12524.0,8,4485.72,5,5,5,0
12526.0,3,1316.66,5,3,4,0
12527.0,3,348.71000000000004,2,3,2,0
12528.0,8,1922.28,5,5,4,0
12530.0,5,1623.63,3,4,4,0
12531.0,1,125.22,4,1,1,0
12532.0,1,349.83000000000004,4,1,2,0
12534.0,1,1089.18,2,1,4,1
12535.0,2,716.35,2,2,3,1
12536.0,5,4106.82,5,4,5,0
12538.0,1,363.95,4,1,2,0
12539.0,5,3852.5,4,4,5,0
12540.0,19,13309.04,4,5,5,0
12541.0,3,981.18,4,3,4,0
12544.0,2,355.7,4,2,2,0
12545.0,2,1000.39,2,2,4,0
12546.0,3,1141.5,3,3,4,0
12547.0,2,207.8,1,2,1,1
12548.0,1,95.2,2,1,1,1
12550.0,1,964.83,2,1,4,0
12551.0,1,168.0,1,1,1,1
12552.0,2,437.82,3,2,2,0
12553.0,14,3652.25,5,5,5,0
12556.0,2,599.56,3,2,3,0
12557.0,5,11990.96,4,4,5,0
12558.0,2,1.0658141036401504e-14,5,2,1,0
12559.0,3,536.21,1,3,3,1
12560.0,4,2101.39,5,4,5,0
12561.0,1,238.85,1,1,2,1
12562.0,7,3781.74,5,4,5,0
12564.0,1,456.9,1,1,2,1
12565.0,2,131.17000000000002,1,2,1,1
12566.0,2,346.7,2,2,2,0
12567.0,11,9114.94,4,5,5,0
12569.0,35,4064.99,5,5,5,0
12571.0,2,519.61,3,2,3,0
12572.0,3,1004.72,5,3,4,0
12573.0,1,160.54000000000002,1,1,1,1
12574.0,1,218.45,1,1,1,1
12576.0,6,1306.98,3,4,4,0
12577.0,4,564.2,3,4,3,0
12578.0,4,2753.36,4,4,5,0
12579.0,3,410.72,2,3,2,0
12580.0,1,415.7,1,1,2,1
12581.0,1,197.71,3,1,1,0
12582.0,2,511.36,1,2,3,1
12583.0,18,7187.34,5,5,5,0
12584.0,18,1893.95,5,5,4,0
12585.0,4,1982.81,1,4,4,1
12586.0,2,179.94000000000003,4,2,1,0
12587.0,1,144.0,5,1,1,0
12588.0,1,214.9,3,1,1,0
12589.0,2,646.68,4,2,3,0
12590.0,3,9861.38,1,3,5,1
12591.0,1,452.85,1,1,2,1
12592.0,2,437.6,2,2,2,1
12593.0,3,418.1,2,3,2,1
12594.0,11,3320.2200000000003,3,5,5,0
12596.0,2,618.27,3,2,3,0
12597.0,5,3683.13,4,4,5,0
12598.0,9,3002.68,5,5,5,0
12599.0,7,1032.58,4,4,4,0
12600.0,11,2581.04,4,5,5,0
12601.0,6,569.5600000000001,1,4,3,1
12602.0,1,153.12,3,1,1,0
12603.0,1,739.1999999999999,4,1,3,0
12604.0,2,254.18,2,2,2,0
12605.0,1,-7.5,1,1,1,1
12607.0,2,7.105427357601002e-15,3,2,1,0
12609.0,3,1126.85,2,3,4,0
12610.0,7,2057.99,4,4,5,0
12611.0,1,1193.32,3,1,4,0
12612.0,2,643.59,3,2,3,0
12613.0,6,3218.98,4,4,5,0
12614.0,1,315.6,1,1,2,1
12615.0,4,2291.19,5,4,5,0
12616.0,5,657.25,2,4,3,0
12617.0,1,352.98,4,1,2,0
12618.0,1,177.31,4,1,1,0
12619.0,13,3214.81,4,5,5,0
12620.0,3,1339.41,4,3,4,0
12621.0,23,13612.07,5,5,5,0
12622.0,1,180.1,1,1,1,1
12623.0,1,305.1,1,1,2,1
12624.0,2,641.13,2,2,3,1
12625.0,3,2614.32,1,3,5,1
12626.0,13,6388.35,4,5,5,0
12627.0,7,4478.53,5,4,5,0
12628.0,4,769.61,5,4,3,0
12630.0,2,1270.88,5,2,4,0
12631.0,1,640.5,3,1,3,0
12633.0,5,2140.63,3,4,5,0
12635.0,2,1689.18,2,2,4,0
12637.0,10,5934.25,3,5,5,0
12638.0,1,671.69,3,1,3,0
12639.0,1,486.1,1,1,3,1
12640.0,3,1174.58,4,3,4,0
12641.0,1,185.9,2,1,1,1
12642.0,3,1013.26,4,3,4,0
12643.0,6,3344.64,2,4,5,1
12644.0,1,477.91,2,1,3,1
12645.0,5,1755.38,3,4,4,0
12646.0,2,1346.97,5,2,4,0
12647.0,13,3669.92,4,5,5,0
12648.0,1,318.05,2,1,2,1
12649.0,4,603.71,2,4,3,1
12650.0,1,314.44,5,1,2,0
12651.0,1,114.0,1,1,1,1
12652.0,2,914.53,1,2,4,1
12653.0,2,2209.85,2,2,5,1
12654.0,5,601.98,5,4,3,0
12656.0,8,3982.72,4,5,5,0
12657.0,5,1152.06,5,4,4,0
12658.0,1,686.05,4,1,3,0
12659.0,1,91.68,4,1,1,0
12660.0,1,245.1,5,1,2,0
12662.0,12,3817.08,5,5,5,0
12664.0,10,4863.88,5,5,5,0
12665.0,2,61.75,1,2,1,1
12666.0,1,-227.44,1,1,1,1
12667.0,1,620.13,3,1,3,0
12668.0,6,3743.18,5,4,5,0
12669.0,4,1607.73,2,4,4,1
12670.0,6,2986.15,5,4,5,0
12672.0,1,225.9,1,1,1,1
12673.0,2,610.52,5,2,3,0
12674.0,7,1922.26,4,4,4,0
12676.0,6,1331.39,4,4,4,0
12678.0,13,17588.26,3,5,5,0
12679.0,9,1058.67,3,5,4,0
12680.0,4,862.81,5,4,3,0
12681.0,27,13677.59,4,5,5,0
12682.0,31,12279.82,5,5,5,0
12683.0,20,8221.09,5,5,5,0
12684.0,7,2283.63,5,4,5,0
12685.0,6,2863.08,4,4,5,0
12686.0,1,89.14,1,1,1,1
12688.0,1,4873.81,2,1,5,1
12689.0,2,1247.61,4,2,4,0
12690.0,1,389.01,1,1,2,1
12691.0,6,1035.8,4,4,4,0
12693.0,6,830.96,2,4,3,1
12694.0,2,869.67,3,2,3,0
12695.0,4,582.1,5,4,3,0
12697.0,5,939.02,4,4,4,0
12700.0,6,4867.99,5,4,5,0
12701.0,2,797.71,2,2,3,0
12702.0,1,219.0,4,1,1,0
12703.0,2,274.7,3,2,2,0
12704.0,10,2220.84,5,5,5,0
12705.0,14,6814.24,4,5,5,0
12707.0,1,603.42,1,1,3,1
12708.0,16,2616.32,4,5,5,0
12709.0,26,9264.1,5,5,5,0
12710.0,4,1130.57,2,4,4,1
12712.0,17,4241.63,4,5,5,0
12713.0,1,848.55,5,1,3,0
12714.0,5,4708.86,5,4,5,0
12715.0,1,343.36,2,1,2,1
12716.0,2,1053.49,5,2,4,0
12717.0,3,980.98,2,3,4,1
12718.0,1,238.25,3,1,2,0
12719.0,3,608.1,5,3,3,0
12720.0,29,5713.28,5,5,5,0
12721.0,7,2628.98,4,4,5,0
12722.0,6,904.33,2,4,4,0
12723.0,5,725.07,5,4,3,0
12724.0,4,1031.41,5,4,4,0
12725.0,1,427.8,1,1,2,1
12726.0,7,2609.1,4,4,5,0
12727.0,9,3947.7,5,5,5,0
12728.0,4,836.33,3,4,3,0
12729.0,1,453.01,2,1,2,1
12731.0,14,18793.41,4,5,5,0
12732.0,1,236.26,1,1,2,1
12733.0,1,383.95,1,1,2,1
12734.0,1,110.4,1,1,1,1
12735.0,2,779.5699999999999,1,2,3,1
12736.0,1,234.0,1,1,2,1
12738.0,1,155.35,1,1,1,1
12739.0,2,1013.04,2,2,4,0
12740.0,1,427.6,3,1,2,0
12743.0,2,540.13,2,2,3,1
12744.0,10,9120.39,3,5,5,0
12747.0,11,4196.01,5,5,5,0
12748.0,224,28405.56,5,5,5,0
12749.0,8,3868.2,5,5,5,0
12750.0,1,275.88,2,1,2,1
12752.0,1,4366.78,2,1,5,0
12753.0,11,21024.01,5,5,5,0
12754.0,5,2949.12,1,4,5,1
12755.0,4,2203.2000000000003,1,4,5,1
12756.0,1,112.08,2,1,1,0
12757.0,19,4205.25,4,5,5,0
12758.0,2,2791.59,2,2,5,1
12759.0,3,1531.44,3,3,4,0
12762.0,2,1898.52,5,2,4,0
12763.0,2,494.08,2,2,3,1
12764.0,1,1693.88,1,1,4,1
12766.0,7,6989.63,5,4,5,0
12769.0,1,1143.6,1,1,4,1
12770.0,1,1351.45,1,1,4,1
12772.0,1,892.47,3,1,3,0
12775.0,6,1351.24,4,4,4,0
12778.0,7,804.23,4,4,3,0
12779.0,12,3868.7,4,5,5,0
12781.0,5,707.72,4,4,3,0
12782.0,6,2273.32,5,4,5,0
12783.0,8,1603.87,5,5,4,0
12784.0,2,532.82,5,2,3,0
12785.0,2,305.71,5,2,2,0
12787.0,3,463.66,5,3,3,0
12789.0,1,91.85,3,1,1,0
12790.0,1,324.92,1,1,2,1
12791.0,1,192.6,1,1,1,1
12792.0,1,400.54,1,1,2,1
12793.0,2,545.48,1,2,3,1
12794.0,2,860.41,3,2,3,0
12795.0,1,430.48,4,1,2,0
12797.0,3,194.18,1,3,1,1
12798.0,3,6977.04,5,3,5,0
12802.0,2,412.58,1,2,2,1
12808.0,3,483.65,3,3,3,0
12809.0,2,484.36,2,2,3,1
12811.0,3,514.85,1,3,3,1
12812.0,1,229.64,3,1,1,0
12814.0,1,125.92,2,1,1,1
12815.0,2,1063.46,2,2,4,1
12816.0,2,572.2,2,2,3,1
12817.0,1,166.04000000000002,1,1,1,1
12818.0,2,1517.88,2,2,4,1
12820.0,4,942.34,5,4,4,0
12821.0,1,92.72,1,1,1,1
12822.0,3,918.98,3,3,4,0
12823.0,5,1759.5,2,4,4,0
12824.0,1,397.12,3,1,2,0
12826.0,8,1468.12,5,5,4,0
12827.0,3,430.15,5,3,2,0
12828.0,6,1018.71,5,4,4,0
12829.0,3,253.05,1,3,2,1
12830.0,7,6748.4,3,4,5,0
12831.0,1,215.05,1,1,1,1
12832.0,2,383.03,4,2,2,0
12833.0,1,417.38,2,1,2,1
12834.0,1,312.38,1,1,2,1
12836.0,4,2610.36,3,4,5,0
12837.0,1,134.1,2,1,1,1
12838.0,2,671.95,3,2,3,0
12839.0,16,5583.62,5,5,5,0
12840.0,6,2714.27,2,4,5,1
12841.0,26,3845.63,5,5,5,0
12842.0,2,1118.99,3,2,4,0
12843.0,9,1680.76,3,5,4,0
12844.0,2,325.96000000000004,4,2,2,0
12845.0,4,354.09000000000003,1,4,2,1
12847.0,1,843.64,4,1,3,0
12849.0,2,1010.29,4,2,4,0
12851.0,1,131.81,2,1,1,1
12852.0,2,299.75,1,2,2,1
12853.0,9,1881.7,2,5,4,1
12854.0,5,1280.9,2,4,4,0
12855.0,1,38.1,1,1,1,1
12856.0,8,2153.53,5,5,5,0
12857.0,2,1106.4,1,2,4,1
12863.0,2,504.2,3,2,3,0
12864.0,1,147.12,2,1,1,1
12865.0,3,1548.07,4,3,4,0
12866.0,1,559.12,1,1,3,1
12867.0,10,3958.74,4,5,5,0
12868.0,6,1607.0600000000002,1,4,4,1
12870.0,1,-14.9,1,1,1,1
12871.0,2,380.64,2,2,2,0
12872.0,2,599.97,1,2,3,1
12873.0,1,374.0,1,1,2,1
12875.0,2,343.2300000000001,2,2,2,1
12876.0,2,2218.02,3,2,5,0
12877.0,12,1535.77,5,5,4,0
12878.0,3,841.64,4,3,3,0
12879.0,4,552.57,3,4,3,0
12881.0,1,298.0,1,1,2,1
12882.0,2,1463.04,5,2,4,0
12883.0,4,703.47,4,4,3,0
12884.0,1,309.05,2,1,2,0
12885.0,4,1158.27,3,4,4,0
12886.0,3,1351.09,3,3,4,0
12888.0,4,313.77,1,4,2,1
12890.0,1,376.72,4,1,2,0
12891.0,3,331.0,1,3,2,1
12893.0,1,176.55,4,1,1,0
12895.0,3,347.3,3,3,2,0
12897.0,2,216.5,1,2,1,1
12901.0,36,16293.1,5,5,5,0
12902.0,1,138.68,1,1,1,1
12904.0,2,496.06,4,2,3,0
12906.0,5,2919.81,4,4,5,0
12908.0,4,246.0,3,4,2,0
12909.0,8,2128.83,3,5,5,0
12910.0,8,3075.04,4,5,5,0
12912.0,5,1662.3,5,4,4,0
12913.0,5,2483.63,5,4,5,0
12915.0,2,363.65,2,2,2,1
12916.0,5,2921.15,2,4,5,1
12917.0,1,594.0,2,1,3,1
12919.0,8,1301.44,5,5,4,0
12920.0,1,162.78,4,1,1,0
12921.0,50,16389.74,5,5,5,0
12922.0,1,405.38,2,1,2,1
12923.0,1,172.82,3,1,1,0
12924.0,5,929.95,2,4,4,0
12925.0,2,694.05,5,2,3,0
12928.0,5,2062.7,3,4,5,0
12929.0,2,105.1,2,2,1,1
12930.0,4,409.9,2,4,2,0
12931.0,20,33462.81,4,5,5,0
12933.0,4,606.28,4,4,3,0
12935.0,8,2156.45,5,5,5,0
12936.0,5,1012.9,4,4,4,0
12937.0,4,1504.27,4,4,4,0
12938.0,1,114.14,4,1,1,0
12939.0,8,11581.8,3,5,5,0
12940.0,4,862.44,3,4,3,0
12942.0,3,675.6,2,3,3,1
12943.0,1,-3.75,1,1,1,1
12944.0,2,604.51,3,2,3,0
12945.0,1,462.95,1,1,2,1
12947.0,11,1407.29,2,5,4,1
12948.0,8,2053.7,4,5,5,0
12949.0,10,4143.02,4,5,5,0
12950.0,3,1843.0,5,3,4,0
12951.0,8,1042.07,5,5,4,0
12952.0,5,1382.84,5,4,4,0
12953.0,1,329.85,5,1,2,0
12955.0,14,4734.26,5,5,5,0
12956.0,1,108.07,1,1,1,1
12957.0,12,3979.04,5,5,5,0
12962.0,2,266.39,5,2,2,0
12963.0,9,1841.03,5,5,4,0
12965.0,1,769.8100000000001,2,1,3,0
12966.0,1,160.18,5,1,1,0
12967.0,4,1194.75,5,4,4,0
12968.0,1,135.95,2,1,1,1
12970.0,4,405.47,5,4,2,0
12971.0,89,10930.26,5,5,5,0
12974.0,1,144.8,1,1,1,1
12976.0,1,738.6,1,1,3,1
12977.0,1,39.24,2,1,1,1
12980.0,12,7092.06,2,5,5,1
12981.0,2,372.22,4,2,2,0
12982.0,2,377.2,1,2,2,1
12984.0,1,97.5,4,1,1,0
12985.0,3,1215.62,5,3,4,0
12987.0,3,545.0,2,3,3,0
12988.0,1,505.82,1,1,3,1
12989.0,19,6854.51,5,5,5,0
12990.0,3,409.5,4,3,2,0
12991.0,2,503.76,4,2,3,0
12993.0,4,414.76,4,4,2,0
12994.0,5,902.22,5,4,3,0
12995.0,2,200.72,2,2,1,0
12997.0,7,1197.94,4,4,4,0
12999.0,3,455.88,1,3,2,1
13000.0,3,534.85,2,3,3,1
13001.0,15,9765.07,5,5,5,0
13002.0,1,120.95,1,1,1,1
13003.0,3,149.05,2,3,1,1
13004.0,22,5613.43,4,5,5,0
13005.0,3,468.95,2,3,3,1
13006.0,1,81.57,3,1,1,0
13008.0,2,178.47,1,2,1,1
13011.0,1,50.55,1,1,1,1
13012.0,11,1296.62,5,5,4,0
13013.0,15,4786.99,5,5,5,0
13014.0,16,3365.43,5,5,5,0
13015.0,5,3339.64,3,4,5,0
13016.0,3,789.89,2,3,3,0
13017.0,1,204.0,5,1,1,0
13018.0,29,7272.75,4,5,5,0
13021.0,12,2584.4,5,5,5,0
13023.0,2,689.9,3,2,3,0
13026.0,8,936.15,5,5,4,0
13027.0,6,6912.0,2,4,5,1
13028.0,3,659.68,4,3,3,0
13029.0,3,1247.5,4,3,4,0
13030.0,2,752.44,5,2,3,0
13032.0,3,996.52,3,3,4,0
13033.0,1,190.55,1,1,1,1
13034.0,2,642.77,3,2,3,0
13035.0,3,886.63,3,3,3,0
13037.0,3,881.07,2,3,3,1
13038.0,3,908.46,2,3,4,0
13040.0,2,676.99,5,2,3,0
13043.0,2,471.57,1,2,3,1
13044.0,1,560.47,1,1,3,1
13045.0,1,305.28000000000003,2,1,2,1
13046.0,2,629.31,4,2,3,0
13047.0,18,3079.1,4,5,5,0
13048.0,5,1789.41,4,4,4,0
13049.0,2,656.6800000000001,3,2,3,0
13050.0,28,5684.61,5,5,5,0
13052.0,1,348.15000000000003,1,1,2,1
13055.0,4,1201.96,3,4,4,0
13058.0,3,271.40000000000003,4,3,2,0
13059.0,1,183.4,1,1,1,1
13060.0,1,307.53000000000003,1,1,2,1
13061.0,1,248.61,2,1,2,0
13062.0,1,346.98,1,1,2,1
13064.0,4,1105.59,4,4,4,0
13065.0,1,205.86,1,1,1,1
13066.0,3,430.9,4,3,2,0
13067.0,1,115.46,2,1,1,0
13068.0,2,344.0,5,2,2,0
13069.0,27,3713.14,5,5,5,0
13070.0,1,228.8,1,1,1,1
13072.0,1,177.15,1,1,1,1
13075.0,1,919.61,2,1,4,1
13077.0,4,728.02,5,4,3,0
13078.0,43,12432.28,5,5,5,0
13079.0,5,220.1,5,4,1,0
13080.0,1,58.08,1,1,1,1
13081.0,21,27964.48,5,5,5,0
13082.0,10,3595.48,2,5,5,1
13083.0,2,303.75,5,2,2,0
13085.0,3,272.38,2,3,2,1
13089.0,118,57322.13,5,5,5,0
13090.0,18,8689.39,5,5,5,0
13091.0,2,319.82,4,2,2,0
13092.0,6,459.83,3,4,2,0
13093.0,13,7741.47,1,5,5,1
13094.0,16,1708.86,4,5,4,0
13095.0,1,74.39999999999999,3,1,1,0
13097.0,14,5886.12,3,5,5,0
13098.0,41,28658.88,5,5,5,0
13099.0,1,207.36,2,1,1,1
13101.0,1,101.19,1,1,1,1
13102.0,27,6336.29,5,5,5,0
13103.0,1,243.94,3,1,2,0
13104.0,6,1098.48,5,4,4,0
13106.0,2,59.5,2,2,1,1
13107.0,5,1524.07,3,4,4,0
13108.0,1,350.06,1,1,2,1
13109.0,5,766.84,5,4,3,0
13110.0,8,1452.87,4,5,4,0
13113.0,40,10510.0,5,5,5,0
13115.0,14,2205.63,5,5,5,0
13116.0,2,485.19,2,2,3,1
13117.0,8,984.91,4,5,4,0
13118.0,7,1125.0,4,5,4,0
13120.0,1,30.6,1,1,1,1
13121.0,2,254.73,1,2,2,1
13122.0,2,922.39,2,2,4,1
13124.0,3,3756.33,2,3,5,0
13126.0,10,2056.29,5,5,5,0
13127.0,1,259.17,2,1,2,0
13130.0,1,64.0,2,1,1,1
13131.0,4,1039.3,4,4,4,0
13132.0,1,77.3,1,1,1,1
13133.0,2,109.8,1,2,1,1
13134.0,7,1740.63,2,5,4,0
13135.0,1,3096.0,1,1,5,1
13136.0,11,2545.38,3,5,5,0
13137.0,9,3557.96,5,5,5,0
13138.0,6,962.39,4,4,4,0
13139.0,8,5055.79,4,5,5,0
13140.0,3,422.47,2,3,2,1
13141.0,6,2385.8,2,4,5,0
13142.0,1,307.09000000000003,4,1,2,0
13144.0,1,110.95,1,1,1,1
13145.0,5,614.77,3,4,3,0
13146.0,1,228.91,4,1,1,0
13147.0,4,712.8,5,4,3,0
13148.0,17,3324.62,4,5,5,0
13149.0,4,1676.06,4,4,4,0
13151.0,2,1250.37,1,2,4,1
13153.0,1,486.22,5,1,3,0
13154.0,1,-611.86,2,1,1,1
13155.0,4,971.76,3,4,4,0
13157.0,5,1721.57,3,4,4,0
13158.0,4,1201.06,2,4,4,1
13159.0,5,1371.25,5,4,4,0
13160.0,1,91.8,4,1,1,0
13161.0,1,112.75,1,1,1,1
13162.0,5,1644.99,2,4,4,1
13165.0,2,1021.48,3,2,4,0
13166.0,2,414.7,1,2,2,1
13167.0,4,791.33,4,4,3,0
13168.0,5,1290.54,3,4,4,0
13169.0,2,712.88,3,2,3,0
13170.0,1,108.81,4,1,1,0
13171.0,5,426.81,5,4,2,0
13173.0,2,353.65000000000003,5,2,2,0
13174.0,3,2742.82,4,3,5,0
13176.0,1,481.49,3,1,3,0
13177.0,1,282.45,3,1,2,0
13178.0,11,5725.47,4,5,5,0
13182.0,1,121.18,3,1,1,0
13183.0,9,3957.78,5,5,5,0
13184.0,12,1616.45,4,5,4,0
13185.0,1,71.4,1,1,1,1
13186.0,5,1539.69,3,4,4,0
13187.0,1,236.02,1,1,2,1
13188.0,1,114.6,5,1,1,0
13189.0,2,260.68,4,2,2,0
13192.0,2,911.94,2,2,4,1
13193.0,1,112.08,3,1,1,0
13194.0,1,60.7,2,1,1,1
13196.0,4,1797.78,5,4,4,0
13198.0,8,3384.09,5,5,5,0
13199.0,39,9803.96,5,5,5,0
13200.0,4,870.09,4,4,3,0
13203.0,4,869.46,5,4,3,0
13207.0,2,250.26,4,2,2,0
13208.0,7,1199.65,3,5,4,0
13209.0,11,5820.16,4,5,5,0
13210.0,1,353.48,2,1,2,1
13211.0,3,1095.42,5,3,4,0
13212.0,4,779.33,5,4,3,0
13213.0,6,1518.43,3,4,4,0
13216.0,1,333.74,1,1,2,1
13217.0,5,133.62,2,4,1,1
13218.0,1,62.64,2,1,1,1
13220.0,4,819.2900000000001,2,4,3,0
13221.0,2,847.41,1,2,3,1
13223.0,2,163.2,1,2,1,1
13224.0,3,2150.85,3,3,5,0
13225.0,8,6083.04,5,5,5,0
13226.0,1,108.21,1,1,1,1
13227.0,1,257.7,1,1,2,1
13228.0,1,358.0,2,1,2,0
13229.0,1,160.95,1,1,1,1
13230.0,15,2712.07,5,5,5,0
13232.0,7,1328.35,4,5,4,0
13233.0,2,605.12,2,2,3,0
13235.0,2,101.17000000000009,1,2,1,1
13236.0,3,727.27,4,3,3,0
13238.0,5,680.83,5,4,3,0
13239.0,1,329.56,1,1,2,1
13240.0,4,663.65,2,4,3,1
13242.0,3,270.40000000000003,2,3,2,1
13243.0,1,585.12,1,1,3,1
13244.0,1,121.74,2,1,1,1
13245.0,1,430.5,3,1,2,0
13246.0,7,1896.32,4,5,4,0
13247.0,4,501.12,4,4,3,0
13248.0,2,465.68,2,2,3,1
13249.0,3,711.41,2,3,3,1
13253.0,2,1030.4,2,2,4,1
13255.0,3,390.66,5,3,2,0
13256.0,1,0.0,4,1,1,0
13258.0,3,672.83,4,3,3,0
13259.0,1,283.18,3,1,2,0
13260.0,1,557.62,3,1,3,0
13261.0,2,944.1,1,2,4,1
13262.0,1,200.29,1,1,1,1
13263.0,35,7436.93,5,5,5,0
13265.0,5,2092.66,3,4,5,0
13266.0,19,3717.67,5,5,5,0
13267.0,27,4404.4400000000005,5,5,5,0
13268.0,15,3127.7,4,5,5,0
13269.0,17,5312.97,5,5,5,0
13270.0,1,590.0,1,1,3,1
13271.0,2,172.37,3,2,1,0
13272.0,2,276.56,4,2,2,0
13273.0,1,138.98,2,1,1,1
13276.0,2,590.9300000000001,3,2,3,0
13277.0,4,258.4,4,4,2,0
13278.0,1,542.73,3,1,3,0
13279.0,2,126.3,3,2,1,0
13280.0,3,798.46,2,3,3,1
13282.0,6,1047.84,4,4,4,0
13283.0,2,93.66,3,2,1,0
13284.0,2,196.15,1,2,1,1
13285.0,4,2709.12,4,4,5,0
13291.0,1,361.11,2,1,2,1
13292.0,2,578.94,3,2,3,0
13294.0,2,873.74,1,2,3,1
13295.0,2,197.95,1,2,1,1
13296.0,1,87.4,2,1,1,1
13297.0,4,2089.85,5,4,5,0
13298.0,1,360.0,5,1,2,0
13299.0,1,142.5,1,1,1,1
13300.0,2,365.29,2,2,2,1
13301.0,4,618.09,2,4,3,1
13302.0,1,63.75,2,1,1,1
13304.0,1,300.42,1,1,2,1
13305.0,10,2000.86,5,5,5,0
13307.0,1,15.0,2,1,1,1
13308.0,4,1367.61,4,4,4,0
13309.0,5,1456.79,5,4,4,0
13310.0,6,1083.63,5,4,4,0
13311.0,2,598.57,5,2,3,0
13313.0,5,1555.3200000000002,4,4,4,0
13314.0,4,593.51,5,4,3,0
13316.0,5,5570.69,3,4,5,0
13317.0,9,2140.07,3,5,5,0
13318.0,3,640.76,5,3,3,0
13319.0,36,10664.34,5,5,5,0
13320.0,6,1475.2,3,4,4,0
13321.0,2,567.36,2,2,3,0
13322.0,1,199.48,4,1,1,0
13323.0,5,787.85,5,4,3,0
13324.0,12,7072.8,4,5,5,0
13325.0,1,675.3,2,1,3,0
13327.0,9,3617.57,3,5,5,0
13328.0,1,1308.48,1,1,4,1
13329.0,4,740.4,4,4,3,0
13330.0,3,1140.93,2,3,4,1
13332.0,1,350.90000000000003,4,1,2,0
13334.0,3,3502.32,2,3,5,0
13336.0,1,795.12,2,1,3,0
13338.0,3,431.82,2,3,2,1
13339.0,1,860.12,1,1,3,1
13340.0,7,10736.48,3,5,5,0
13341.0,1,775.85,1,1,3,1
13343.0,2,303.93,2,2,2,1
13344.0,3,2511.69,3,3,5,0
13345.0,2,377.6,1,2,2,1
13347.0,1,341.36,3,1,2,0
13348.0,1,233.76,3,1,2,0
13349.0,1,247.32,5,1,2,0
13350.0,3,910.72,4,3,4,0
13351.0,1,373.94,3,1,2,0
13352.0,2,389.28,5,2,2,0
13354.0,1,743.53,3,1,3,0
13355.0,1,674.7,2,1,3,1
13356.0,1,768.24,2,1,3,0
13357.0,1,609.4,1,1,3,1
13358.0,1,439.03,1,1,2,1
13359.0,2,431.26,3,2,2,0
13362.0,5,3085.49,5,4,5,0
13363.0,2,992.5,4,2,4,0
13364.0,2,0.0,3,2,1,0
13365.0,3,2191.22,5,3,5,0
13366.0,1,56.16,3,1,1,0
13368.0,2,623.4,1,2,3,1
13369.0,2,263.75,1,2,2,1
13370.0,2,721.32,1,2,3,1
13372.0,1,378.64,2,1,2,0
13373.0,3,3312.25,3,3,5,0
13375.0,2,772.9,2,2,3,0
13376.0,3,1019.76,2,3,4,1
13379.0,3,572.56,4,3,3,0
13381.0,7,3626.81,4,5,5,0
13382.0,1,222.99,1,1,1,1
13384.0,9,4122.28,4,5,5,0
13385.0,1,534.57,1,1,3,1
13388.0,3,627.15,2,3,3,1
13389.0,3,797.96,5,3,3,0
13390.0,1,544.08,2,1,3,0
13391.0,1,59.8,1,1,1,1
13394.0,10,2312.8,5,5,5,0
13395.0,1,307.72,1,1,2,1
13396.0,4,1325.29,4,4,4,0
13397.0,6,1539.18,2,4,4,0
13398.0,1,457.34,1,1,2,1
13402.0,2,621.23,2,2,3,1
13403.0,1,75.0,4,1,1,0
13404.0,2,252.49,5,2,2,0
13405.0,3,572.451,2,3,3,0
13408.0,81,27487.41,5,5,5,0
13410.0,7,988.91,5,5,4,0
13411.0,1,213.55,2,1,1,1
13414.0,3,1390.5,2,3,4,1
13416.0,2,712.5,3,2,3,0
13417.0,2,640.83,5,2,3,0
13418.0,23,5845.4400000000005,4,5,5,0
13419.0,1,221.06,3,1,1,0
13420.0,4,140.35,2,4,1,1
13421.0,3,1831.61,3,3,4,0
13422.0,2,2601.55,3,2,5,0
13425.0,3,1624.21,2,3,4,1
13426.0,12,3550.7000000000003,5,5,5,0
13427.0,3,582.6,4,3,3,0
13428.0,1,201.78,5,1,1,0
13429.0,4,1006.8,5,4,4,0
13430.0,4,648.6899999999999,4,4,3,0
13431.0,2,1269.1,3,2,4,0
13434.0,2,534.24,2,2,3,0
13435.0,9,3794.49,5,5,5,0
13436.0,1,196.89,5,1,1,0
13437.0,7,3408.06,4,5,5,0
13439.0,1,283.71,1,1,2,1
13441.0,1,296.64,2,1,2,1
13447.0,4,1104.23,4,4,4,0
13448.0,10,3460.99,4,5,5,0
13449.0,1,291.88,4,1,2,0
13450.0,6,2043.72,4,4,5,0
13451.0,6,2838.56,4,4,5,0
13452.0,2,590.0,1,2,3,1
13453.0,2,356.98,2,2,2,1
13455.0,4,1007.35,4,4,4,0
13456.0,7,1737.8200000000002,4,5,4,0
13458.0,22,9537.92,5,5,5,0
13460.0,2,183.44,4,2,1,0
13461.0,3,1445.0,3,3,4,0
13462.0,2,143.25,1,2,1,1
13464.0,1,674.68,3,1,3,0
13466.0,2,297.95,2,2,2,1
13467.0,2,1071.91,5,2,4,0
13468.0,41,5656.75,5,5,5,0
13470.0,2,165.0,2,2,1,1
13471.0,4,2501.84,5,4,5,0
13473.0,3,417.54,3,3,2,0
13474.0,1,226.84,1,1,1,1
13475.0,4,1431.78,1,4,4,1
13476.0,4,1092.77,1,4,4,1
13477.0,8,1441.53,3,5,4,0
13479.0,3,291.0,1,3,2,1
13481.0,8,1776.81,3,5,4,0
13482.0,1,184.64,1,1,1,1
13483.0,1,140.34,3,1,1,0
13484.0,1,313.8,1,1,2,1
13485.0,1,454.24,1,1,2,1
13486.0,3,1122.41,2,3,4,0
13487.0,3,575.4,3,3,3,0
13488.0,17,8910.61,4,5,5,0
13489.0,4,449.52,2,4,2,1
13491.0,10,1215.82,3,5,4,0
13492.0,3,1269.84,2,3,4,1
13493.0,2,618.63,1,2,3,1
13494.0,1,316.26000000000005,1,1,2,1
13495.0,6,1990.12,5,4,4,0
13496.0,3,617.93,5,3,3,0
13497.0,3,321.05,1,3,2,1
13499.0,7,1146.96,4,5,4,0
13500.0,4,1136.77,4,4,4,0
13501.0,2,1310.47,1,2,4,1
13502.0,3,292.0,4,3,2,0
13503.0,1,216.85,3,1,1,0
13504.0,1,295.93,3,1,2,0
13505.0,8,4282.88,3,5,5,0
13506.0,3,452.82,1,3,2,1
13507.0,4,2479.16,5,4,5,0
13508.0,1,110.97,1,1,1,1
13509.0,7,979.72,5,5,4,0
13510.0,5,1785.16,5,4,4,0
13512.0,1,251.21,1,1,2,1
13513.0,1,205.1,2,1,1,1
13514.0,1,152.20000000000002,2,1,1,0
13515.0,4,891.12,2,4,3,0
13516.0,3,1389.41,4,3,4,0
13517.0,5,2109.07,3,4,5,0
13518.0,1,627.16,2,1,3,0
13519.0,2,110.8,3,2,1,0
13520.0,8,3487.75,3,5,5,0
13521.0,3,1071.73,5,3,4,0
13522.0,1,125.8,4,1,1,0
13523.0,6,3755.38,3,4,5,0
13524.0,5,680.1800000000001,3,4,3,0
13525.0,2,628.78,4,2,3,0
13527.0,8,2218.61,3,5,5,0
13529.0,2,307.76,2,2,2,0
13531.0,2,483.8,1,2,3,1
13532.0,1,210.31,3,1,1,0
13533.0,3,269.09,1,3,2,1
13534.0,43,5613.08,5,5,5,0
13536.0,7,3444.39,5,5,5,0
13538.0,7,1280.85,3,5,4,0
13539.0,4,605.84,2,4,3,0
13544.0,2,276.06,3,2,2,0
13546.0,3,621.09,4,3,3,0
13548.0,2,678.16,2,2,3,1
13549.0,8,916.12,4,5,4,0
13551.0,1,91.8,1,1,1,1
13552.0,16,3539.53,3,5,5,0
13555.0,4,4098.88,2,4,5,0
13557.0,2,584.0600000000001,4,2,3,0
13558.0,4,594.52,5,4,3,0
13560.0,1,171.42000000000002,5,1,1,0
13561.0,1,141.86,1,1,1,1
13562.0,3,1799.3300000000002,2,3,4,0
13563.0,2,777.53,2,2,3,0
13564.0,5,623.3900000000001,2,4,3,1
13565.0,2,240.22,4,2,2,0
13566.0,2,856.84,3,2,3,0
13568.0,1,187.05,2,1,1,1
13569.0,2,338.62,4,2,2,0
13570.0,1,239.49,1,1,2,1
13571.0,12,2088.94,4,5,5,0
13572.0,1,1384.25,1,1,4,1
13573.0,2,290.25,3,2,2,0
13575.0,5,732.07,4,4,3,0
13576.0,20,6703.3,5,5,5,0
13577.0,5,1658.3,4,4,4,0
13579.0,2,467.04,4,2,3,0
13581.0,1,118.0,1,1,1,1
13583.0,1,781.03,2,1,3,1
13584.0,1,142.4,1,1,1,1
13587.0,3,347.0,4,3,2,0
13588.0,13,2445.12,4,5,5,0
13589.0,2,379.65,4,2,2,0
13590.0,7,1976.12,5,5,4,0
13591.0,3,1117.13,3,3,4,0
13592.0,4,247.96,3,4,2,0
13593.0,6,1965.08,2,4,4,1
13594.0,1,396.97,3,1,2,0
13596.0,2,664.11,5,2,3,0
13598.0,2,147.29,3,2,1,0
13599.0,33,5026.85,5,5,5,0
13600.0,1,219.52,1,1,1,1
13601.0,2,693.32,3,2,3,0
13602.0,1,428.89,3,1,2,0
13603.0,1,164.34,4,1,1,0
13606.0,3,276.75,4,3,2,0
13607.0,1,675.51,3,1,3,0
13610.0,9,1065.88,4,5,4,0
13611.0,4,1140.8,2,4,4,0
13614.0,4,1585.46,4,4,4,0
13615.0,2,399.99,1,2,2,1
13617.0,3,544.18,3,3,3,0
13618.0,1,177.34,2,1,1,1
13621.0,1,213.85,2,1,1,1
13623.0,7,652.4,4,5,3,0
13626.0,1,257.23,1,1,2,1
13627.0,7,1624.02,3,5,4,0
13629.0,11,7792.36,4,5,5,0
13630.0,11,1995.68,5,5,5,0
13631.0,12,3021.77,2,5,5,1
13632.0,6,2114.68,4,4,5,0
13634.0,5,1547.36,3,4,4,0
13635.0,1,1071.03,3,1,4,0
13636.0,6,941.62,3,4,4,0
13637.0,3,804.3,3,3,3,0
13638.0,1,122.64,4,1,1,0
13639.0,1,1033.34,2,1,4,0
13642.0,1,312.28,1,1,2,1
13643.0,3,519.44,4,3,3,0
13644.0,5,2597.52,5,4,5,0
13645.0,1,252.1,2,1,2,1
13647.0,5,1640.22,5,4,4,0
13649.0,2,346.6,1,2,2,1
13650.0,7,1809.34,4,5,4,0
13651.0,2,94.2,3,2,1,0
13652.0,3,1095.08,3,3,4,0
13654.0,6,2707.33,3,4,5,0
13655.0,2,932.97,2,2,4,1
13656.0,2,379.65,2,2,2,1
13657.0,2,382.14,5,2,2,0
13658.0,7,2421.47,5,5,5,0
13659.0,3,1540.65,1,3,4,1
13662.0,7,862.58,2,5,3,0
13663.0,1,189.47,1,1,1,1
13666.0,3,84.65,3,3,1,0
13667.0,1,299.05,2,1,2,1
13668.0,29,6162.31,5,5,5,0
13669.0,2,218.55,3,2,1,0
13670.0,1,349.7,2,1,2,0
13672.0,6,-71.46,1,4,1,1
13673.0,2,387.44,4,2,2,0
13675.0,2,486.8200000000001,2,2,3,1
13678.0,1,232.6,2,1,2,1
13680.0,5,2199.01,5,4,5,0
13681.0,4,827.83,4,4,3,0
13682.0,1,59.5,1,1,1,1
13684.0,2,62.13,1,2,1,1
13685.0,7,3119.44,5,5,5,0
13686.0,1,72.0,1,1,1,1
13689.0,1,910.0,3,1,4,0
13690.0,1,172.25,3,1,1,0
13692.0,5,1466.87,4,4,4,0
13693.0,2,-32.0,1,2,1,1
13694.0,60,62690.54,5,5,5,0
13695.0,15,2504.13,4,5,5,0
13697.0,1,151.3,3,1,1,0
13699.0,1,308.58000000000004,2,1,2,1
13700.0,10,2248.63,4,5,5,0
13703.0,1,99.5,1,1,1,1
13704.0,10,2295.31,5,5,5,0
13705.0,3,711.86,5,3,3,0
13706.0,1,330.79,1,1,2,1
13707.0,2,806.41,1,2,3,1
13708.0,1,285.33,1,1,2,1
13709.0,17,6228.71,5,5,5,0
13710.0,1,180.48,4,1,1,0
13711.0,2,252.06,1,2,2,1
13712.0,1,228.84,1,1,1,1
13715.0,8,1051.99,1,5,4,1
13716.0,1,138.28,1,1,1,1
13717.0,7,1432.26,4,5,4,0
13718.0,2,306.55,1,2,2,1
13719.0,5,1041.68,4,4,4,0
13720.0,4,799.9,2,4,3,1
13721.0,1,524.14,3,1,3,0
13722.0,4,2369.16,2,4,5,1
13723.0,1,199.85,1,1,1,1
13725.0,11,1809.81,3,5,4,0
13726.0,2,1079.66,3,2,4,0
13727.0,2,333.48,4,2,2,0
13728.0,6,1016.14,3,4,4,0
13730.0,2,752.6,2,2,3,1
13731.0,2,610.59,1,2,3,1
13732.0,1,491.86,4,1,3,0
13735.0,8,2764.48,4,5,5,0
13736.0,3,721.9,5,3,3,0
13737.0,1,339.6,1,1,2,1
13739.0,1,216.9,4,1,1,0
13740.0,1,350.75,1,1,2,1
13741.0,4,666.33,2,4,3,0
13742.0,14,3079.27,4,5,5,0
13743.0,8,1340.15,5,5,4,0
13744.0,2,1080.52,2,2,4,1
13745.0,2,291.54,2,2,2,1
13747.0,1,79.6,1,1,1,1
13748.0,5,948.25,2,4,4,1
13750.0,5,1647.26,3,4,4,0
13751.0,1,296.25,1,1,2,1
13752.0,6,1175.38,2,4,4,1
13753.0,1,741.26,1,1,3,1
13754.0,2,282.6,2,2,2,1
13755.0,10,2101.39,5,5,5,0
13756.0,15,5145.12,5,5,5,0
13758.0,7,3190.55,4,5,5,0
13759.0,2,659.4100000000001,3,2,3,0
13760.0,2,286.79,3,2,2,0
13761.0,2,1070.65,3,2,4,0
13762.0,2,3.552713678800501e-15,1,2,1,1
13763.0,3,1689.46,3,3,4,0
13764.0,3,1519.42,3,3,4,0
13767.0,52,16945.71,5,5,5,0
13769.0,16,2771.8700000000003,5,5,5,0
13771.0,5,2631.7,3,4,5,0
13772.0,3,1122.63,3,3,4,0
13774.0,1,345.0,2,1,2,0
13777.0,41,25748.35,5,5,5,0
13778.0,1,178.7,2,1,1,1
13780.0,2,360.01,5,2,2,0
13781.0,1,127.84,1,1,1,1
13782.0,6,908.86,4,4,4,0
13784.0,11,2462.79,5,5,5,0
13786.0,1,230.4,1,1,1,1
13787.0,2,309.04,2,2,2,0
13790.0,1,348.79999999999995,5,1,2,0
13791.0,3,1047.68,3,3,4,0
13792.0,2,195.55,3,2,1,0
13798.0,63,36352.87,5,5,5,0
13799.0,2,688.86,2,2,3,1
13800.0,1,558.32,1,1,3,1
13801.0,1,324.8,3,1,2,0
13802.0,6,3906.27,2,4,5,1
13803.0,1,277.07,1,1,2,1
13804.0,7,2588.39,4,5,5,0
13805.0,2,924.6,3,2,4,0
13806.0,1,256.38,3,1,2,0
13807.0,1,112.6,1,1,1,1
13808.0,5,1747.66,5,4,4,0
13809.0,1,155.05,1,1,1,1
13810.0,4,899.51,4,4,3,0
13811.0,4,591.75,1,4,3,1
13812.0,3,539.0,3,3,3,0
13813.0,5,1353.41,3,4,4,0
13814.0,3,1562.12,3,3,4,0
13815.0,5,4014.91,4,4,5,0
13816.0,4,555.04,4,4,3,0
13817.0,2,382.98,4,2,2,0
13819.0,3,1140.35,1,3,4,1
13821.0,2,385.64,2,2,2,1
13822.0,2,632.0,5,2,3,0
13823.0,2,957.66,4,2,4,0
13824.0,5,1698.94,3,4,4,0
13826.0,2,174.65,2,2,1,1
13827.0,3,409.8,3,3,2,0
13828.0,1,209.49,4,1,1,0
13829.0,1,-102.0,1,1,1,1
13831.0,6,2198.45,4,4,5,0
13832.0,2,40.95,4,2,1,0
13833.0,1,383.85,2,1,2,1
13835.0,4,834.57,4,4,3,0
13837.0,2,266.59000000000003,1,2,2,1
13838.0,4,674.82,5,4,3,0
13841.0,1,85.0,1,1,1,1
13842.0,9,3385.62,3,5,5,0
13844.0,1,361.62,5,1,2,0
13845.0,1,312.98,3,1,2,0
13846.0,4,847.61,4,4,3,0
13848.0,3,1255.0,2,3,4,1
13849.0,2,1537.95,3,2,4,0
13850.0,2,1586.81,2,2,4,0
13851.0,3,2651.46,2,3,5,1
13853.0,2,1056.94,5,2,4,0
13854.0,29,8025.019999999999,5,5,5,0
13856.0,5,363.4,2,4,2,1
13858.0,1,216.17,3,1,1,0
13859.0,1,201.16,1,1,1,1
13860.0,6,1240.0,5,4,4,0
13862.0,10,2187.31,4,5,5,0
13863.0,2,299.56,1,2,2,1
13865.0,4,501.56,3,4,3,0
13866.0,1,145.67,2,1,1,0
13867.0,3,1005.09,4,3,4,0
13868.0,2,3192.54,5,2,5,0
13869.0,4,3083.65,2,4,5,1
13870.0,10,2751.25,5,5,5,0
13871.0,14,6389.8,4,5,5,0
13873.0,4,381.7,2,4,2,1
13874.0,1,540.45,1,1,3,1
13875.0,5,1786.79,3,4,4,0
13876.0,1,122.7,3,1,1,0
13877.0,1,117.24,2,1,1,0
13878.0,1,1271.57,3,1,4,0
13880.0,13,3219.77,4,5,5,0
13881.0,22,16989.52,5,5,5,0
13882.0,6,1131.28,5,4,4,0
13883.0,9,2538.75,5,5,5,0
13884.0,6,781.3000000000001,5,4,3,0
13885.0,2,506.8,1,2,3,1
13886.0,1,243.56,3,1,2,0
13887.0,1,349.55,1,1,2,1
13888.0,2,595.67,2,2,3,1
13889.0,1,416.9,2,1,2,1
13890.0,14,1860.86,5,5,4,0
13892.0,4,632.97,4,4,3,0
13893.0,1,821.1,1,1,3,1
13894.0,5,535.97,4,4,3,0
13895.0,5,2588.12,4,4,5,0
13897.0,1,311.16,3,1,2,0
13898.0,1,155.93,1,1,1,1
13899.0,2,388.52,4,2,2,0
13900.0,3,740.95,1,3,3,1
13901.0,5,2867.2000000000003,2,4,5,0
13904.0,2,332.64,3,2,2,0
13908.0,5,2347.05,2,4,5,0
13911.0,9,2580.91,3,5,5,0
13914.0,3,613.95,5,3,3,0
13917.0,2,272.04,3,2,2,0
13918.0,2,1212.84,3,2,4,0
13919.0,3,350.16,3,3,2,0
13922.0,1,172.25,1,1,1,1
13923.0,1,351.13,3,1,2,0
13924.0,11,1682.08,5,5,4,0
13925.0,6,616.65,3,4,3,0
13926.0,1,223.85,4,1,1,0
13927.0,1,348.99,2,1,2,0
13928.0,4,464.57,5,4,3,0
13929.0,3,802.85,2,3,3,1
13930.0,2,337.34,3,2,2,0
13931.0,3,1230.93,2,3,4,0
13932.0,1,307.4,1,1,2,1
13933.0,2,608.79,2,2,3,1
13934.0,1,922.1,1,1,4,1
13936.0,2,361.28,2,2,2,1
13937.0,1,158.85,2,1,1,1
13938.0,1,71.66,3,1,1,0
13939.0,4,556.75,4,4,3,0
13940.0,4,839.14,4,4,3,0
13941.0,7,4912.41,4,5,5,0
13946.0,3,561.57,2,3,3,0
13947.0,1,90.6,3,1,1,0
13948.0,1,102.0,1,1,1,1
13949.0,6,2427.32,5,4,5,0
13950.0,5,728.5600000000001,5,4,3,0
13951.0,3,674.45,2,3,3,1
13952.0,3,3246.091,1,3,5,1
13953.0,7,3515.68,5,5,5,0
13954.0,3,378.59,5,3,2,0
13955.0,2,322.96,2,2,2,1
13956.0,5,1019.27,5,4,4,0
13958.0,1,-102.45,1,1,1,1
13959.0,3,594.04,2,3,3,0
13960.0,2,230.22,4,2,1,0
13962.0,2,169.54999999999998,4,2,1,0
13963.0,4,664.54,1,4,3,1
13967.0,1,80.7,2,1,1,1
13969.0,20,8956.92,5,5,5,0
13971.0,11,2702.2200000000003,5,5,5,0
13972.0,2,190.25,3,2,1,0
13973.0,1,264.7,1,1,2,1
13974.0,1,413.59,3,1,2,0
13975.0,7,2438.19,4,5,5,0
13976.0,1,357.98,1,1,2,1
13978.0,2,196.79,4,2,1,0
13979.0,1,869.87,2,1,3,0
13980.0,1,200.14,3,1,1,0
13982.0,5,1861.11,3,4,4,0
13983.0,13,2590.46,4,5,5,0
13984.0,6,488.03,4,4,3,0
13985.0,16,7024.53,5,5,5,0
13986.0,1,320.46,4,1,2,0
13988.0,9,4098.8,4,5,5,0
13989.0,2,1266.08,3,2,4,0
13990.0,1,311.3,1,1,2,1
13991.0,7,847.54,4,5,3,0
13992.0,1,76.8,4,1,1,0
13993.0,12,3409.66,4,5,5,0
13994.0,6,2274.14,5,4,5,0
13995.0,6,1383.49,4,4,4,0
13999.0,15,3865.26,5,5,5,0
14000.0,2,633.71,1,2,3,1
14001.0,4,2030.33,3,4,5,0
14002.0,2,529.73,2,2,3,1
14004.0,7,4582.64,3,5,5,0
14005.0,5,2874.72,5,4,5,0
14006.0,3,962.19,2,3,4,1
14009.0,3,685.9300000000001,1,3,3,1
14012.0,1,328.8,1,1,2,1
14013.0,3,473.02,2,3,3,1
14014.0,1,505.18,2,1,3,0
14015.0,1,917.34,3,1,4,0
14016.0,5,4328.46,2,4,5,1
14019.0,4,1398.96,3,4,4,0
14020.0,2,642.8,4,2,3,0
14021.0,3,631.9,2,3,3,1
14022.0,1,440.0,1,1,2,1
14023.0,2,584.07,5,2,3,0
14024.0,2,327.7,2,2,2,1
14027.0,1,104.82,3,1,1,0
14029.0,2,467.66,3,2,3,0
14030.0,8,2358.84,4,5,5,0
14031.0,23,14634.64,5,5,5,0
14032.0,18,2929.84,5,5,5,0
14034.0,4,509.09,4,4,3,0
14035.0,5,1428.02,4,4,4,0
14036.0,1,626.65,1,1,3,1
14037.0,2,147.20000000000002,2,2,1,1
14038.0,4,1554.48,2,4,4,0
14039.0,1,152.2,3,1,1,0
14040.0,15,3487.59,3,5,5,0
14041.0,1,141.41,1,1,1,1
14044.0,4,646.42,4,4,3,0
14045.0,4,1659.75,2,4,4,1
14046.0,1,154.99,1,1,1,1
14047.0,7,1290.01,5,5,4,0
14048.0,2,375.13,1,2,2,1
14049.0,6,5536.15,4,4,5,0
14050.0,2,746.36,4,2,3,0
14051.0,26,15477.34,5,5,5,0
14052.0,1,225.36,4,1,1,0
14053.0,2,260.25,2,2,2,1
14054.0,1,92.46,3,1,1,0
14055.0,1,725.6400000000001,2,1,3,1
14056.0,29,8062.46,5,5,5,0
14057.0,18,6141.1,4,5,5,0
14059.0,1,183.6,1,1,1,1
14060.0,20,6135.38,5,5,5,0
14062.0,12,10464.85,5,5,5,0
14064.0,7,1168.92,4,5,4,0
14066.0,1,152.55,1,1,1,1
14067.0,2,374.7,3,2,2,0
14068.0,1,265.85,1,1,2,1
14071.0,9,1306.16,5,5,4,0
14073.0,2,139.54,4,2,1,0
14075.0,3,942.26,5,3,4,0
14076.0,1,118.67,2,1,1,1
14077.0,5,499.42,3,4,3,0
14078.0,6,1049.37,2,4,4,1
14079.0,1,375.1,2,1,2,1
14080.0,1,45.6,3,1,1,0
14081.0,4,891.77,1,4,3,1
14082.0,1,182.25,1,1,1,1
14083.0,9,1002.9,5,5,4,0
14085.0,19,4408.54,5,5,5,0
14087.0,2,178.72,5,2,1,0
14088.0,14,50415.49,5,5,5,0
14089.0,1,158.75,3,1,1,0
14090.0,1,76.32000000000001,1,1,1,1
14092.0,17,4063.1,5,5,5,0
14093.0,1,433.86,4,1,2,0
14096.0,34,57120.91,5,5,5,0
14098.0,1,147.35,3,1,1,0
14099.0,12,3092.9700000000003,4,5,5,0
14100.0,1,191.95,2,1,1,1
14101.0,6,5976.79,2,4,5,0
14102.0,8,1060.33,5,5,4,0
14104.0,2,216.21,2,2,1,1
14105.0,2,1260.33,2,2,4,0
14107.0,8,2688.48,3,5,5,0
14108.0,3,594.16,4,3,3,0
14109.0,2,80.2,4,2,1,0
14110.0,13,5669.65,5,5,5,0
14111.0,5,688.6,4,4,3,0
14112.0,12,2774.17,4,5,5,0
14113.0,8,1377.92,5,5,4,0
14114.0,2,386.53,1,2,2,1
14116.0,5,1382.74,4,4,4,0
14117.0,1,90.0,2,1,1,1
14119.0,1,-19.9,1,1,1,1
14121.0,6,2740.3,5,4,5,0
14124.0,1,419.58,2,1,2,0
14125.0,3,2720.63,5,3,5,0
14126.0,4,643.6300000000001,5,4,3,0
14127.0,3,709.71,2,3,3,1
14128.0,2,637.5,3,2,3,0
14129.0,5,1123.86,5,4,4,0
14130.0,1,480.91,1,1,3,1
14132.0,12,3580.13,5,5,5,0
14133.0,5,590.34,2,4,3,1
14135.0,15,4690.31,5,5,5,0
14138.0,2,965.88,5,2,4,0
14139.0,1,415.82,3,1,2,0
14140.0,3,920.05,5,3,4,0
14141.0,6,879.0300000000001,5,4,3,0
14142.0,1,311.81,1,1,2,1
14143.0,1,115.8,2,1,1,1
14145.0,5,3148.2,3,4,5,0
14146.0,6,2949.57,5,4,5,0
14147.0,3,468.4,3,3,3,0
14148.0,1,157.2,1,1,1,1
14149.0,3,259.43,1,3,2,1
14150.0,2,658.64,3,2,3,0
14152.0,3,611.09,2,3,3,0
14154.0,2,1345.62,1,2,4,1
14155.0,1,118.75,1,1,1,1
14156.0,66,113214.59,5,5,5,0
14157.0,3,392.44,4,3,2,0
14158.0,1,507.66,3,1,3,0
14159.0,14,4615.64,4,5,5,0
14161.0,3,1097.62,1,3,4,1
14162.0,2,289.36,2,2,2,1
14163.0,4,2445.91,2,4,5,0
14164.0,2,1631.77,3,2,4,0
14165.0,1,120.44,1,1,1,1
14167.0,4,562.59,3,4,3,0
14171.0,1,363.79,2,1,2,1
14173.0,4,450.84,5,4,2,0
14174.0,1,134.46,3,1,1,0
14175.0,7,3108.06,3,5,5,0
14176.0,5,574.0,1,4,3,1
14177.0,5,544.51,2,4,3,0
14178.0,7,1600.26,5,5,4,0
14179.0,2,701.57,3,2,3,0
14180.0,31,4640.77,5,5,5,0
14184.0,1,452.89,3,1,2,0
14185.0,1,197.65,1,1,1,1
14188.0,10,2018.91,5,5,5,0
14189.0,24,4604.31,5,5,5,0
14191.0,14,4660.01,5,5,5,0
14193.0,2,853.39,3,2,3,0
14194.0,32,11216.75,5,5,5,0
14195.0,3,962.7,1,3,4,1
14196.0,1,335.52,2,1,2,1
14198.0,7,663.5,5,5,3,0
14199.0,1,185.4,1,1,1,1
14201.0,9,688.04,3,5,3,0
14204.0,1,150.61,5,1,1,0
14205.0,4,218.78,5,4,1,0
14206.0,2,308.26,1,2,2,1
14208.0,1,151.74,2,1,1,1
14209.0,7,2067.13,5,5,5,0
14210.0,7,1900.89,2,5,4,1
14211.0,13,2208.3,3,5,5,0
14212.0,1,1070.48,2,1,4,0
14213.0,1,-1192.2,1,1,1,1
14214.0,7,1000.23,4,5,4,0
14215.0,7,1777.92,4,5,4,0
14216.0,4,1839.3,5,4,4,0
14217.0,24,1925.36,5,5,4,0
14218.0,1,169.48000000000002,3,1,1,0
14219.0,1,89.94,5,1,1,0
14220.0,2,632.4000000000001,1,2,3,1
14221.0,10,3427.85,3,5,5,0
14222.0,1,683.17,2,1,3,1
14223.0,4,975.23,2,4,4,1
14224.0,4,1009.73,2,4,4,1
14226.0,7,2184.24,4,5,5,0
14227.0,15,3315.71,4,5,5,0
14229.0,5,1450.6,3,4,4,0
14231.0,5,822.0600000000001,1,4,3,1
14232.0,8,2043.93,4,5,5,0
14233.0,5,1447.51,3,4,4,0
14234.0,4,754.12,4,4,3,0
14235.0,6,3093.86,5,4,5,0
14236.0,2,490.86,2,2,3,0
14237.0,1,161.0,1,1,1,1
14238.0,1,146.85,1,1,1,1
14239.0,13,2323.5,3,5,5,0
14240.0,2,890.34,4,2,3,0
14241.0,1,213.7,1,1,1,1
14242.0,2,280.55,1,2,2,1
14243.0,14,2535.88,5,5,5,0
14245.0,5,1677.48,2,4,4,1
14246.0,3,1474.06,2,3,4,1
14247.0,1,136.77,1,1,1,1
14248.0,1,302.58,1,1,2,1
14250.0,3,1904.05,5,3,4,0
14251.0,5,2879.7000000000003,5,4,5,0
14256.0,3,935.06,1,3,4,1
14257.0,6,3087.27,3,4,5,0
14258.0,10,12650.08,5,5,5,0
14259.0,1,120.0,2,1,1,1
14261.0,2,1163.45,3,2,4,0
14262.0,8,2618.23,5,5,5,0
14264.0,3,319.47,2,3,2,1
14265.0,2,530.18,2,2,3,1
14267.0,7,1279.09,2,5,4,1
14270.0,1,492.65,1,1,3,1
14271.0,1,112.32,1,1,1,1
14272.0,2,437.96,2,2,2,0
14273.0,4,559.97,3,4,3,0
14276.0,5,1019.39,2,4,4,0
14277.0,4,3928.8,4,4,5,0
14280.0,1,134.04,1,1,1,1
14282.0,15,3701.44,5,5,5,0
14284.0,3,578.45,4,3,3,0
14285.0,4,1910.01,4,4,4,0
14286.0,5,4595.81,4,4,5,0
14287.0,4,151.23,5,4,1,0
14288.0,2,413.85,1,2,2,1
14289.0,6,911.26,5,4,4,0
14290.0,6,2307.4500000000003,5,4,5,0
14291.0,12,3873.3,5,5,5,0
14292.0,14,4819.33,5,5,5,0
14293.0,4,1046.56,5,4,4,0
14295.0,2,154.70000000000002,3,2,1,0
14297.0,6,1284.06,4,4,4,0
14298.0,45,50862.44,5,5,5,0
14299.0,18,2855.35,5,5,5,0
14300.0,1,43.2,4,1,1,0
14301.0,2,632.04,2,2,3,1
14304.0,2,197.1,1,2,1,1
14305.0,5,1803.76,3,4,4,0
14306.0,3,2083.42,3,3,5,0
14307.0,6,2995.7200000000003,2,4,5,0
14309.0,10,2319.6800000000003,5,5,5,0
14311.0,2,229.71,1,2,1,1
14312.0,6,1611.59,3,4,4,0
14314.0,1,120.0,2,1,1,1
14315.0,7,2456.98,4,5,5,0
14317.0,1,508.58,3,1,3,0
14320.0,3,343.11,1,3,2,1
14321.0,5,1530.75,5,4,4,0
14323.0,4,574.26,2,4,3,1
14326.0,2,166.85,1,2,1,1
14327.0,1,311.65000000000003,2,1,2,1
14329.0,14,4889.14,5,5,5,0
14331.0,2,462.66,2,2,2,1
14332.0,3,840.21,4,3,3,0
14333.0,2,351.45,3,2,2,0
14334.0,9,2539.46,4,5,5,0
14335.0,2,454.86,4,2,2,0
14336.0,4,1614.91,4,4,4,0
14338.0,4,554.22,2,4,3,1
14339.0,4,289.91,1,4,2,1
14340.0,1,134.7,1,1,1,1
14341.0,9,2151.08,3,5,5,0
14342.0,6,607.71,4,4,3,0
14344.0,8,889.9300000000001,2,5,3,1
14345.0,1,108.98,3,1,1,0
14346.0,2,1021.58,2,2,4,1
14348.0,1,409.57,1,1,2,1
14349.0,1,133.5,5,1,1,0
14350.0,2,258.7,1,2,2,1
14351.0,1,51.0,2,1,1,1
14352.0,4,1078.96,2,4,4,1
14353.0,1,90.6,1,1,1,1
14354.0,2,163.62,5,2,1,0
14355.0,1,174.4,1,1,1,1
14356.0,4,666.9399999999999,3,4,3,0
14357.0,1,225.12,3,1,1,0
14359.0,6,882.58,4,4,3,0
14360.0,4,2118.03,4,4,5,0
14362.0,1,151.5,4,1,1,0
14364.0,8,3717.35,2,5,5,1
14367.0,19,9134.12,5,5,5,0
14368.0,1,155.0,1,1,1,1
14371.0,1,100.5,1,1,1,1
14373.0,1,76.55,1,1,1,1
14375.0,1,235.56,1,1,2,1
14377.0,2,617.05,1,2,3,1
14379.0,2,348.1,3,2,2,0
14381.0,1,202.68,3,1,1,0
14382.0,1,615.49,4,1,3,0
14383.0,3,1247.69,3,3,4,0
14385.0,3,202.11,5,3,1,0
14386.0,1,142.4,1,1,1,1
14387.0,3,1727.6,3,3,4,0
14388.0,10,3172.04,5,5,5,0
14389.0,5,999.72,5,4,4,0
14390.0,13,4582.22,5,5,5,0
14393.0,1,67.95,1,1,1,1
14395.0,12,3444.11,5,5,5,0
14396.0,2,487.99,3,2,3,0
14397.0,23,2556.68,5,5,5,0
14400.0,2,559.7,2,2,3,1
14401.0,14,4039.98,5,5,5,0
14403.0,5,1426.31,2,4,4,1
14404.0,7,1409.72,3,5,4,0
14406.0,1,156.75,2,1,1,1
14407.0,9,2111.08,2,5,5,1
14408.0,7,2599.03,5,5,5,0
14409.0,7,1908.25,3,5,4,0
14410.0,15,573.45,4,5,3,0
14411.0,1,1063.0,1,1,4,1
14412.0,3,761.33,3,3,3,0
14413.0,1,121.05,1,1,1,1
14414.0,8,1485.13,2,5,4,1
14415.0,18,5766.85,5,5,5,0
14416.0,2,490.22,4,2,3,0
14418.0,3,1937.25,5,3,4,0
14419.0,6,1051.79,5,4,4,0
14420.0,2,385.87,2,2,2,0
14421.0,2,813.11,3,2,3,0
14422.0,6,4263.64,5,4,5,0
14423.0,1,265.2,1,1,2,1
14424.0,1,322.08,4,1,2,0
14426.0,16,3918.9,4,5,5,0
14427.0,2,363.34,3,2,2,0
14428.0,7,1209.37,5,5,4,0
14431.0,2,423.2600000000001,1,2,2,1
14432.0,6,2248.5,5,4,5,0
14434.0,6,1372.8,4,4,4,0
14436.0,1,89.06,2,1,1,1
14437.0,2,-43.400000000000006,2,2,1,1
14438.0,1,131.9,1,1,1,1
14439.0,1,2661.24,1,1,5,1
14440.0,5,2357.68,5,4,5,0
14441.0,10,1545.14,5,5,4,0
14442.0,5,1544.62,5,4,4,0
14443.0,7,1400.88,3,5,4,0
14446.0,4,1010.35,5,4,4,0
14447.0,5,1163.23,4,4,4,0
14448.0,2,375.35,5,2,2,0
14449.0,4,885.8,4,4,3,0
14450.0,3,483.25,1,3,3,1
14451.0,2,643.9,3,2,3,0
14452.0,2,259.05,5,2,2,0
14453.0,1,119.93,1,1,1,1
14456.0,14,3002.51,5,5,5,0
14457.0,1,113.64,1,1,1,1
14459.0,1,1837.92,2,1,4,1
14460.0,4,383.34,2,4,2,1
14461.0,3,2103.06,2,3,5,1
14462.0,15,1942.45,3,5,4,0
14463.0,3,529.62,2,3,3,1
14465.0,3,1038.44,1,3,4,1
14466.0,7,2272.4,4,5,5,0
14467.0,4,596.26,4,4,3,0
14470.0,2,461.19,4,2,2,0
14472.0,8,1852.67,2,5,4,1
14473.0,2,234.34,2,2,2,0
14474.0,2,537.71,3,2,3,0
14475.0,6,799.82,2,4,3,0
14476.0,1,193.0,1,1,1,1
14477.0,5,1307.81,4,4,4,0
14479.0,2,316.25,1,2,2,1
14480.0,1,279.05,5,1,2,0
14481.0,2,636.51,2,2,3,1
14482.0,6,2022.81,4,4,5,0
14483.0,2,129.20000000000002,2,2,1,1
14484.0,1,321.92,3,1,2,0
14485.0,1,162.8,3,1,1,0
14487.0,7,1152.73,4,5,4,0
14488.0,2,1047.43,3,2,4,0
14489.0,1,463.38,1,1,2,1
14491.0,2,340.93,2,2,2,1
14493.0,7,2362.84,5,5,5,0
14494.0,1,139.56,4,1,1,0
14495.0,2,123.8,3,2,1,0
14496.0,2,538.8100000000001,1,2,3,1
14497.0,2,457.47,1,2,2,1
14498.0,5,1957.32,3,4,4,0
14499.0,3,808.44,4,3,3,0
14500.0,3,356.85,2,3,2,0
14501.0,3,190.31,3,3,1,0
14502.0,14,2310.18,4,5,5,0
14503.0,6,3543.26,5,4,5,0
14504.0,4,673.26,3,4,3,0
14505.0,11,5772.49,4,5,5,0
14506.0,5,1960.65,4,4,4,0
14507.0,7,1352.88,4,5,4,0
14508.0,2,268.05,4,2,2,0
14511.0,6,1267.41,5,4,4,0
14512.0,2,275.28,1,2,2,1
14513.0,4,438.49,2,4,2,1
14514.0,3,990.2,3,3,4,0
14515.0,6,2076.89,4,4,5,0
14517.0,2,330.45,3,2,2,0
14518.0,1,174.37,3,1,1,0
14520.0,2,270.6,5,2,2,0
14522.0,4,974.54,4,4,4,0
14523.0,1,241.09,2,1,2,1
14524.0,9,1843.83,4,5,4,0
14525.0,13,4105.07,5,5,5,0
14527.0,86,7709.69,5,5,5,0
14528.0,1,364.22,3,1,2,0
14529.0,3,578.61,3,3,3,0
14530.0,6,2862.11,4,4,5,0
14532.0,4,932.85,1,4,4,1
14533.0,9,1812.62,4,5,4,0
14534.0,25,4025.6,5,5,5,0
14535.0,4,2831.74,3,4,5,0
14536.0,1,170.95,1,1,1,1
14537.0,1,355.56,3,1,2,0
14538.0,2,388.25,3,2,2,0
14539.0,2,537.48,4,2,3,0
14540.0,3,952.66,5,3,4,0
14541.0,8,1453.35,3,5,4,0
14542.0,1,103.25,1,1,1,1
14543.0,21,2916.17,5,5,5,0
14544.0,2,2004.3,4,2,5,0
14546.0,9,2482.86,5,5,5,0
14547.0,9,3953.95,5,5,5,0
14548.0,2,652.8,2,2,3,1
14549.0,1,289.24,1,1,2,1
14550.0,2,757.37,5,2,3,0
14551.0,2,186.23,4,2,1,0
14552.0,1,164.22,2,1,1,1
14553.0,5,859.27,4,4,3,0
14554.0,4,2279.49,5,4,5,0
14555.0,2,312.54,3,2,2,0
14557.0,2,0.0,3,2,1,0
14560.0,24,2174.18,5,5,5,0
14561.0,3,1080.76,2,3,4,0
14562.0,22,4676.62,5,5,5,0
14565.0,6,3073.77,2,4,5,1
14566.0,1,1432.0,2,1,4,1
14567.0,3,1524.46,3,3,4,0
14569.0,1,227.39,5,1,1,0
14570.0,2,218.06,1,2,1,1
14572.0,10,2775.39,5,5,5,0
14573.0,13,1590.12,1,5,4,1
14576.0,1,35.400000000000006,1,1,1,1
14577.0,4,859.71,4,4,3,0
14578.0,1,168.63,5,1,1,0
14581.0,1,138.6,4,1,1,0
14582.0,1,114.11,3,1,1,0
14583.0,5,986.96,5,4,4,0
14584.0,5,1020.06,2,4,4,1
14585.0,1,157.05,3,1,1,0
14586.0,3,134.16,1,3,1,1
14587.0,10,1577.39,4,5,4,0
14589.0,1,39.75,1,1,1,1
14591.0,4,1320.21,4,4,4,0
14592.0,3,557.94,3,3,3,0
14593.0,3,617.15,4,3,3,0
14594.0,2,363.33,5,2,2,0
14595.0,6,1740.6,4,4,4,0
14597.0,2,866.24,5,2,3,0
14598.0,1,221.97,3,1,1,0
14600.0,1,393.33,1,1,2,1
14601.0,1,213.96,5,1,1,0
14603.0,1,660.0,1,1,3,1
14606.0,128,11633.35,5,5,5,0
14607.0,17,10981.1,4,5,5,0
14608.0,4,1785.15,5,4,4,0
14609.0,4,601.56,2,4,3,0
14616.0,3,406.08,1,3,2,1
14618.0,4,538.59,5,4,3,0
14619.0,2,379.51,1,2,2,1
14620.0,3,393.28,1,3,2,1
14621.0,6,1765.76,5,4,4,0
14622.0,1,320.58000000000004,1,1,2,1
14623.0,6,866.8000000000001,4,4,3,0
14624.0,2,225.85,3,2,1,0
14625.0,5,848.48,1,4,3,1
14626.0,7,2757.07,5,5,5,0
14627.0,1,-21.85,1,1,1,1
14628.0,2,671.96,2,2,3,1
14629.0,3,935.46,5,3,4,0
14631.0,3,1006.98,3,3,4,0
14632.0,1,114.56,1,1,1,1
14633.0,1,344.90000000000003,1,1,2,1
14636.0,2,609.85,3,2,3,0
14638.0,1,443.6,3,1,2,0
14639.0,8,2952.34,3,5,5,0
14640.0,8,2024.45,4,5,5,0
14641.0,1,110.46,4,1,1,0
14642.0,1,96.12,3,1,1,0
14643.0,3,668.61,2,3,3,1
14644.0,4,780.46,5,4,3,0
14645.0,2,597.09,2,2,3,1
14646.0,77,279489.02,5,5,5,0
14647.0,1,236.04,1,1,2,1
14649.0,4,1402.59,5,4,4,0
14651.0,2,653.75,3,2,3,0
14652.0,1,114.18,2,1,1,0
14653.0,7,1926.65,5,5,4,0
14655.0,5,1930.15,5,4,4,0
14656.0,2,291.05,2,2,2,1
14657.0,5,838.27,4,4,3,0
14658.0,2,247.15,5,2,2,0
14659.0,12,2456.53,5,5,5,0
14660.0,2,285.74,2,2,2,0
14661.0,1,107.95,4,1,1,0
14662.0,4,741.37,4,4,3,0
14664.0,2,636.24,4,2,3,0
14665.0,7,1258.38,3,5,4,0
14666.0,1,195.25,4,1,1,0
14667.0,27,9165.04,5,5,5,0
14669.0,3,1259.24,1,3,4,1
14670.0,2,392.86,1,2,2,1
14672.0,2,765.5500000000001,1,2,3,1
14673.0,5,1736.4,5,4,4,0
14675.0,1,596.36,4,1,3,0
14676.0,8,2543.24,4,5,5,0
14679.0,1,-2.55,1,1,1,1
14680.0,23,26932.34,4,5,5,0
14681.0,3,498.95,3,3,3,0
14682.0,2,52.0,1,2,1,1
14684.0,5,1201.51,4,4,4,0
14687.0,1,628.38,2,1,3,1
14688.0,27,5055.61,5,5,5,0
14689.0,1,112.8,1,1,1,1
14690.0,3,341.96,3,3,2,0
14691.0,5,2114.33,4,4,5,0
14692.0,5,582.05,2,4,3,1
14693.0,1,172.9,1,1,1,1
14696.0,9,2070.97,5,5,5,0
14697.0,2,188.61,1,2,1,1
14698.0,5,1217.27,5,4,4,0
14699.0,1,109.13,1,1,1,1
14700.0,3,2195.1,4,3,5,0
14701.0,12,2462.94,5,5,5,0
14702.0,18,3210.29,5,5,5,0
14703.0,1,318.17,4,1,2,0
14704.0,9,1493.96,5,5,4,0
14705.0,1,179.0,1,1,1,1
14708.0,4,1096.67,5,4,4,0
14709.0,14,4911.14,4,5,5,0
14710.0,4,599.48,4,4,3,0
14711.0,12,2809.02,5,5,5,0
14712.0,3,917.07,4,3,4,0
14713.0,12,2660.1,5,5,5,0
14714.0,1,160.19,4,1,1,0
14715.0,4,867.38,4,4,3,0
14716.0,2,307.51,3,2,2,0
14719.0,6,1571.89,5,4,4,0
14720.0,3,663.81,5,3,3,0
14722.0,1,180.42,2,1,1,1
14723.0,6,1122.36,5,4,4,0
14725.0,1,655.58,4,1,3,0
14727.0,1,268.58,1,1,2,1
14729.0,1,313.49,1,1,2,1
14730.0,8,1897.57,5,5,4,0
14731.0,3,380.02,3,3,2,0
14732.0,10,2686.34,5,5,5,0
14733.0,15,9451.54,5,5,5,0
14735.0,34,5807.6900000000005,5,5,5,0
14737.0,3,1164.55,5,3,4,0
14738.0,9,1289.94,3,5,4,0
14739.0,8,3899.1,5,5,5,0
14740.0,4,1423.21,1,4,4,1
14741.0,6,1400.34,4,4,4,0
14744.0,9,1088.53,4,5,4,0
14745.0,6,1167.16,2,4,4,1
14747.0,2,294.3,1,2,2,1
14748.0,6,1311.79,4,4,4,0
14752.0,1,389.64,3,1,2,0
14753.0,1,563.15,2,1,3,0
14754.0,2,638.05,3,2,3,0
14755.0,12,4965.38,5,5,5,0
14756.0,1,738.96,4,1,3,0
14757.0,1,420.5,2,1,2,0
14758.0,4,1484.06,2,4,4,1
14759.0,3,1625.97,5,3,4,0
14760.0,2,53.8,1,2,1,1
14761.0,2,255.9,3,2,2,0
14762.0,1,300.52,1,1,2,1
14764.0,2,250.55,3,2,2,0
14765.0,3,254.11,4,3,2,0
14766.0,8,2423.07,5,5,5,0
14768.0,3,139.5,4,3,1,0
14769.0,10,10383.83,5,5,5,0
14770.0,2,876.4200000000001,1,2,3,1
14772.0,1,139.26,2,1,1,1
14775.0,3,1011.9,3,3,4,0
14776.0,13,2195.58,3,5,5,0
14777.0,2,-17.450000000000003,5,2,1,0
14778.0,2,730.86,2,2,3,1
14779.0,3,386.15,1,3,2,1
14780.0,2,447.68,3,2,2,0
14782.0,1,200.1,1,1,1,1
14784.0,2,289.99,4,2,2,0
14785.0,2,77.4,5,2,1,0
14788.0,2,679.44,5,2,3,0
14789.0,1,197.64,4,1,1,0
14790.0,4,745.06,4,4,3,0
14792.0,2,0.0,3,2,1,0
14793.0,2,214.14,5,2,1,0
14794.0,9,1272.11,5,5,4,0
14795.0,1,131.45000000000002,2,1,1,1
14796.0,27,7792.51,5,5,5,0
14798.0,3,173.74,3,3,1,0
14799.0,1,157.7,3,1,1,0
14800.0,16,4228.39,3,5,5,0
14801.0,1,189.34,3,1,1,0
14803.0,3,845.5500000000001,2,3,3,1
14804.0,1,353.27,5,1,2,0
14805.0,4,546.4,4,4,3,0
14806.0,1,193.39,2,1,1,0
14808.0,15,2152.8,3,5,5,0
14810.0,11,2085.33,3,5,5,0
14813.0,2,152.88,1,2,1,1
14815.0,2,778.5,3,2,3,0
14816.0,1,271.85,1,1,2,1
14817.0,2,1110.34,1,2,4,1
14818.0,3,657.8,2,3,3,0
14819.0,2,272.07,3,2,2,0
14820.0,4,507.29,4,4,3,0
14821.0,1,48.8,1,1,1,1
14823.0,3,321.43,1,3,2,1
14824.0,4,1127.71,5,4,4,0
14825.0,12,2221.01,5,5,5,0
14828.0,3,2139.76,1,3,5,1
14829.0,6,644.65,4,4,3,0
14830.0,1,188.88,3,1,1,0
14834.0,8,1698.35,4,5,4,0
14836.0,3,102.45,5,3,1,0
14837.0,5,1641.2,2,4,4,0
14840.0,1,62.85,1,1,1,1
14841.0,6,3295.76,3,4,5,0
14842.0,8,2456.8,3,5,5,0
14844.0,4,3189.81,3,4,5,0
14847.0,1,309.40000000000003,2,1,2,1
14849.0,28,7904.28,4,5,5,0
14850.0,2,278.15,1,2,2,1
14851.0,2,511.35,4,2,3,0
14852.0,6,2836.69,3,4,5,0
14853.0,3,463.05,5,3,2,0
14854.0,8,2730.09,2,5,5,0
14855.0,2,645.65,2,2,3,1
14856.0,3,1290.53,3,3,4,0
14857.0,3,1165.65,3,3,4,0
14859.0,5,1352.04,4,4,4,0
14860.0,2,168.62,5,2,1,0
14861.0,1,125.79,3,1,1,0
14862.0,2,841.2,4,2,3,0
14863.0,1,266.76,4,1,2,0
14865.0,2,52.2,5,2,1,0
14866.0,13,14197.45,5,5,5,0
14867.0,4,701.33,1,4,3,1
14868.0,9,2939.64,5,5,5,0
14869.0,3,717.7,5,3,3,0
14870.0,1,327.25,1,1,2,1
14871.0,4,501.28,5,4,3,0
14873.0,1,519.68,1,1,3,1
14875.0,5,1448.72,5,4,4,0
14878.0,9,1476.09,4,5,4,0
14880.0,3,690.59,2,3,3,0
14881.0,1,255.4,4,1,2,0
14882.0,2,589.7,4,2,3,0
14883.0,7,756.64,4,5,3,0
14885.0,1,765.3199999999999,2,1,3,1
14886.0,1,364.8,1,1,2,1
14887.0,1,1862.0,2,1,4,0
14888.0,1,369.2,1,1,2,1
14889.0,1,135.9,1,1,1,1
14890.0,1,125.65,1,1,1,1
14891.0,2,554.38,2,2,3,1
14893.0,2,1237.85,5,2,4,0
14894.0,1,655.75,2,1,3,0
14895.0,24,11020.26,5,5,5,0
14896.0,2,468.77,1,2,3,1
14897.0,4,1366.38,5,4,4,0
14898.0,8,1194.11,4,5,4,0
14901.0,10,1414.99,5,5,4,0
14902.0,2,314.11,4,2,2,0
14903.0,10,2729.18,4,5,5,0
14904.0,2,1025.44,5,2,4,0
14905.0,3,599.9,2,3,3,1
14907.0,10,3478.85,5,5,5,0
14908.0,1,277.8,2,1,2,0
14910.0,7,389.86,5,5,2,0
14911.0,248,132458.73,5,5,5,0
14912.0,3,841.52,4,3,3,0
14913.0,4,1227.43,3,4,4,0
14915.0,3,258.83000000000004,2,3,2,0
14916.0,5,1264.84,3,4,4,0
14918.0,2,1610.15,2,2,4,1
14920.0,2,977.77,1,2,4,1
14921.0,2,1316.07,4,2,4,0
14923.0,1,749.1,3,1,3,0
14924.0,1,310.05,1,1,2,1
14929.0,1,223.88,4,1,1,0
14930.0,3,2362.96,2,3,5,1
14931.0,6,964.68,5,4,4,0
14932.0,1,363.53,1,1,2,1
14934.0,3,1888.84,2,3,4,0
14935.0,1,1784.71,1,1,4,1
14936.0,9,8117.42,5,5,5,0
14937.0,4,1617.63,3,4,4,0
14944.0,14,5842.95,4,5,5,0
14946.0,1,100.9,4,1,1,0
14947.0,2,290.82,2,2,2,0
14948.0,7,1066.57,4,5,4,0
14950.0,2,361.25,5,2,2,0
14951.0,1,311.69,2,1,2,0
14952.0,15,7912.79,3,5,5,0
14953.0,1,285.67,4,1,2,0
14954.0,1,294.85,4,1,2,0
14957.0,1,58.49,1,1,1,1
14958.0,3,483.73,2,3,3,1
14959.0,5,684.97,3,4,3,0
14960.0,2,221.27,5,2,1,0
14961.0,12,7006.58,5,5,5,0
14962.0,1,126.7,1,1,1,1
14963.0,5,1472.34,5,4,4,0
14964.0,1,206.21,1,1,1,1
14965.0,2,596.09,2,2,3,1
14966.0,1,183.02,4,1,1,0
14967.0,1,463.8,3,1,3,0
14968.0,1,147.59,4,1,1,0
14970.0,4,1592.06,3,4,4,0
14971.0,3,1097.98,3,3,4,0
14972.0,1,114.77,2,1,1,1
14973.0,3,1314.45,2,3,4,1
14974.0,1,89.94,3,1,1,0
14975.0,1,279.94,3,1,2,0
14976.0,8,765.86,3,5,3,0
14978.0,5,1921.37,2,4,4,0
14981.0,1,102.12,1,1,1,1
14984.0,2,202.37,4,2,1,0
14985.0,2,292.01,1,2,2,1
14987.0,2,326.4,4,2,2,0
14988.0,1,334.54,1,1,2,1
14995.0,2,231.98,3,2,1,0
14997.0,4,540.98,3,4,3,0
14998.0,2,414.87,2,2,2,1
15000.0,1,490.52,3,1,3,0
15002.0,4,1641.76,2,4,4,1
15004.0,1,1220.77,2,1,4,1
15005.0,35,6160.54,4,5,5,0
15006.0,1,480.38,3,1,3,0
15007.0,1,156.91,2,1,1,1
15009.0,3,1259.43,4,3,4,0
15010.0,1,308.94,3,1,2,0
15012.0,2,405.04,3,2,2,0
15014.0,2,257.67,3,2,2,0
15016.0,1,170.04,2,1,1,1
15017.0,1,125.58,3,1,1,0
15018.0,4,456.26,3,4,2,0
15019.0,1,252.81,1,1,2,1
15021.0,13,1829.23,5,5,4,0
15022.0,4,852.39,4,4,3,0
15023.0,12,6680.81,5,5,5,0
15024.0,10,1636.43,5,5,4,0
15025.0,1,361.96,3,1,2,0
15026.0,3,469.0,2,3,3,0
15027.0,6,1051.95,4,4,4,0
15028.0,4,627.13,5,4,3,0
15030.0,2,518.28,2,2,3,0
15031.0,4,653.19,5,4,3,0
15032.0,5,4464.1,1,4,5,1
15033.0,11,2541.53,5,5,5,0
15034.0,11,4243.21,4,5,5,0
15035.0,1,252.73,2,1,2,0
15036.0,3,429.56,2,3,2,0
15038.0,7,645.84,3,5,3,0
15039.0,52,19638.59,5,5,5,0
15041.0,1,179.93,2,1,1,1
15042.0,1,135.93,1,1,1,1
15043.0,1,537.0,4,1,3,0
15044.0,22,7563.88,4,5,5,0
15045.0,3,633.66,2,3,3,1
15046.0,16,4940.66,5,5,5,0
15047.0,1,343.62,1,1,2,1
15048.0,5,377.52,3,4,2,0
15049.0,1,121.17000000000002,1,1,1,1
15050.0,5,1682.77,4,4,4,0
15051.0,3,1383.36,4,3,4,0
15052.0,1,207.73,1,1,1,1
15053.0,3,693.95,5,3,3,0
15054.0,2,302.1,4,2,2,0
15057.0,2,1489.5,1,2,4,1
15058.0,11,2102.54,4,5,5,0
15059.0,11,1325.82,3,5,4,0
15060.0,4,294.25,5,4,2,0
15061.0,55,54228.74,5,5,5,0
15062.0,4,987.86,3,4,4,0
15063.0,1,370.8,1,1,2,1
15065.0,6,3135.98,3,4,5,0
15066.0,2,760.59,4,2,3,0
15067.0,3,1744.76,2,3,4,0
15068.0,2,553.36,3,2,3,0
15069.0,1,1109.53,1,1,4,1
15070.0,1,106.2,1,1,1,1
15071.0,2,982.07,2,2,4,1
15073.0,4,612.43,5,4,3,0
15074.0,1,735.67,2,1,3,1
15075.0,1,773.03,2,1,3,0
15076.0,1,880.85,2,1,3,1
15078.0,38,9623.35,5,5,5,0
15079.0,5,893.66,1,4,3,1
15081.0,6,487.35,4,4,3,0
15083.0,1,88.2,1,1,1,1
15087.0,1,306.94,1,1,2,1
15088.0,3,1140.27,4,3,4,0
15089.0,6,2420.84,5,4,5,0
15090.0,1,381.32,1,1,2,1
15091.0,2,476.96,3,2,3,0
15092.0,2,457.81,1,2,2,1
15093.0,9,4410.14,4,5,5,0
15095.0,5,1364.7,2,4,4,1
15096.0,1,219.39,3,1,1,0
15097.0,1,248.08,5,1,2,0
15098.0,5,649.5,1,4,3,1
15099.0,1,410.48,2,1,2,0
15100.0,6,635.1,1,4,3,1
15101.0,3,310.03000000000003,5,3,2,0
15103.0,2,703.36,4,2,3,0
15104.0,3,968.64,2,3,4,1
15105.0,7,2298.93,4,5,5,0
15106.0,7,1407.73,4,5,4,0
15107.0,8,247.66,1,5,2,1
15108.0,5,1291.75,2,4,4,1
15109.0,2,463.75,1,2,3,1
15110.0,7,973.2,4,5,4,0
15111.0,3,1567.48,4,3,4,0
15113.0,4,3339.51,5,4,5,0
15114.0,10,2760.56,4,5,5,0
15115.0,1,340.11,4,1,2,0
15116.0,4,1352.75,4,4,4,0
15117.0,6,1550.13,4,4,4,0
15118.0,1,244.8,2,1,2,1
15119.0,1,266.4,1,1,2,1
15120.0,2,343.82,2,2,2,1
15121.0,2,457.72,3,2,2,0
15122.0,6,1612.13,2,4,4,0
15123.0,2,2199.31,5,2,5,0
15124.0,2,184.19,4,2,1,0
15125.0,23,11117.05,4,5,5,0
15127.0,1,406.53,3,1,2,0
15128.0,8,1419.54,3,5,4,0
15129.0,11,3447.4,3,5,5,0
15130.0,1,330.11,2,1,2,1
15132.0,5,977.93,4,4,4,0
15133.0,3,982.42,2,3,4,1
15134.0,8,1387.99,4,5,4,0
15135.0,2,127.15,1,2,1,1
15136.0,5,1282.45,5,4,4,0
15139.0,2,178.96,1,2,1,1
15140.0,8,2350.0,3,5,5,0
15142.0,1,498.74,3,1,3,0
15143.0,1,259.45,1,1,2,1
15144.0,18,6530.04,5,5,5,0
15145.0,4,1194.73,5,4,4,0
15146.0,3,1313.66,2,3,4,1
15147.0,2,608.65,1,2,3,1
15148.0,1,301.29,5,1,2,0
15149.0,1,520.8000000000001,2,1,3,1
15150.0,11,5280.83,4,5,5,0
15152.0,16,4684.24,5,5,5,0
15153.0,1,329.25,4,1,2,0
15154.0,2,224.73,2,2,1,0
15156.0,3,961.49,5,3,4,0
15157.0,5,1869.5,5,4,4,0
15158.0,1,401.4,3,1,2,0
15159.0,34,18573.68,5,5,5,0
15160.0,1,158.16,1,1,1,1
15163.0,2,304.47,4,2,2,0
15164.0,3,824.58,3,3,3,0
15165.0,1,487.75,1,1,3,1
15167.0,1,158.8,1,1,1,1
15168.0,1,106.56,4,1,1,0
15171.0,2,1034.5,1,2,4,1
15172.0,5,1624.05,5,4,4,0
15174.0,1,135.75,1,1,1,1
15175.0,1,224.14,2,1,1,0
15178.0,1,40.5,1,1,1,1
15179.0,7,2186.2000000000003,4,5,5,0
15180.0,1,87.5,1,1,1,1
15181.0,5,680.28,3,4,3,0
15182.0,2,622.85,2,2,3,1
15184.0,2,402.2,4,2,2,0
15185.0,1,310.62,3,1,2,0
15186.0,2,411.41,4,2,2,0
15187.0,18,4670.08,5,5,5,0
15189.0,53,15802.14,5,5,5,0
15192.0,3,1044.32,2,3,4,1
15193.0,1,499.32,3,1,3,0
15194.0,22,7521.17,5,5,5,0
15195.0,1,3861.0,5,1,5,0
15197.0,5,656.44,5,4,3,0
15198.0,2,193.64,2,2,1,1
15199.0,4,1268.7,3,4,4,0
15201.0,11,927.84,2,5,4,0
15203.0,6,1827.8,4,4,4,0
15204.0,1,316.58,1,1,2,1
15205.0,3,648.8299999999999,2,3,3,0
15206.0,4,420.3,5,4,2,0
15208.0,6,867.62,5,4,3,0
15210.0,1,331.18,1,1,2,1
15211.0,2,894.4100000000001,3,2,3,0
15212.0,2,88.95,1,2,1,1
15213.0,3,325.05,1,3,2,1
15214.0,8,1661.44,5,5,4,0
15215.0,6,615.99,3,4,3,0
15216.0,1,96.6,2,1,1,0
15218.0,11,5756.89,5,5,5,0
15219.0,1,305.75,2,1,2,1
15220.0,7,1758.92,3,5,4,0
15221.0,2,114.1,1,2,1,1
15222.0,1,585.0,1,1,3,1
15223.0,3,454.9,1,3,2,1
15224.0,3,310.48,1,3,2,1
15225.0,1,409.4,1,1,2,1
15226.0,1,154.41,1,1,1,1
15227.0,5,1219.4,3,4,4,0
15228.0,5,3376.96,3,4,5,0
15230.0,2,429.6,1,2,2,1
15232.0,2,612.06,2,2,3,1
15234.0,1,197.0,1,1,1,1
15235.0,12,2247.51,1,5,5,1
15236.0,1,321.05,1,1,2,1
15237.0,4,1412.32,5,4,4,0
15238.0,5,1056.54,4,4,4,0
15239.0,3,764.34,5,3,3,0
15240.0,7,1685.57,3,5,4,0
15241.0,9,1738.59,3,5,4,0
15243.0,1,316.68,2,1,2,0
15244.0,2,631.57,3,2,3,0
15245.0,3,2515.84,2,3,5,1
15246.0,2,514.15,1,2,3,1
15247.0,1,356.0,2,1,2,1
15249.0,15,6657.360000000001,4,5,5,0
15251.0,15,10327.11,5,5,5,0
15252.0,2,740.78,3,2,3,0
15253.0,6,915.3,4,4,4,0
15254.0,1,300.36,2,1,2,1
15255.0,1,890.85,3,1,3,0
15256.0,1,98.45,2,1,1,1
15257.0,2,232.15,1,2,1,1
15258.0,2,623.16,2,2,3,1
15260.0,8,1780.77,2,5,4,1
15261.0,1,254.82,2,1,2,1
15262.0,1,178.95000000000002,1,1,1,1
15263.0,1,156.51,2,1,1,1
15264.0,1,393.74,3,1,2,0
15265.0,2,1506.12,2,2,4,1
15266.0,1,119.3,1,1,1,1
15267.0,5,1717.36,4,4,4,0
15269.0,1,408.8,4,1,2,0
15270.0,9,2298.2,4,5,5,0
15271.0,16,2472.09,5,5,5,0
15272.0,2,721.94,3,2,3,0
15274.0,2,716.57,5,2,3,0
15275.0,2,609.19,4,2,3,0
15276.0,1,128.63,3,1,1,0
15277.0,1,255.9,3,1,2,0
15279.0,2,277.41,1,2,2,1
15280.0,1,113.12,2,1,1,1
15281.0,12,2239.95,3,5,5,0
15286.0,1,240.55,3,1,2,0
15287.0,3,485.24,4,3,3,0
15288.0,5,2306.52,3,4,5,0
15289.0,4,935.1,4,4,4,0
15290.0,21,7803.769999999999,5,5,5,0
15291.0,20,4596.51,4,5,5,0
15292.0,1,178.39,1,1,1,1
15296.0,10,3610.31,3,5,5,0
15297.0,4,635.0400000000001,5,4,3,0
15298.0,14,3774.1,5,5,5,0
15299.0,11,3787.09,3,5,5,0
15300.0,1,496.44,3,1,3,0
15301.0,14,5007.72,3,5,5,0
15303.0,1,574.02,1,1,3,1
15304.0,10,680.3,3,5,3,0
15306.0,3,1174.35,3,3,4,0
15307.0,1,205.3,2,1,1,1
15308.0,2,302.27,1,2,2,1
15311.0,118,59284.19,5,5,5,0
15312.0,5,921.1,2,4,4,0
15313.0,1,52.0,2,1,1,1
15314.0,1,327.97,1,1,2,1
15315.0,3,551.54,3,3,3,0
15316.0,1,165.0,1,1,1,1
15318.0,1,312.62,5,1,2,0
15319.0,1,204.5,1,1,1,1
15320.0,1,267.13,3,1,2,0
15321.0,4,2663.48,3,4,5,0
15322.0,2,602.97,3,2,3,0
15325.0,1,161.74,2,1,1,1
15326.0,1,311.71,1,1,2,1
15327.0,1,208.75,3,1,1,0
15329.0,5,1005.5,3,4,4,0
15330.0,2,714.9599999999999,4,2,3,0
15332.0,4,1661.06,1,4,4,1
15333.0,1,1028.56,1,1,4,1
15334.0,3,350.82,2,3,2,1
15335.0,1,170.22,3,1,1,0
15339.0,3,557.57,3,3,3,0
15341.0,1,2020.52,2,1,5,0
15342.0,2,391.76,2,2,2,1
15343.0,1,364.5,2,1,2,0
15344.0,5,476.58,5,4,3,0
15345.0,2,367.69,3,2,2,0
15346.0,1,252.42,1,1,2,1
15347.0,1,201.6,1,1,1,1
15348.0,1,158.04,2,1,1,0
15349.0,2,463.91,2,2,3,1
15350.0,1,115.65,1,1,1,1
15351.0,10,1836.69,4,5,4,0
15353.0,2,770.12,1,2,3,1
15355.0,2,277.05,4,2,2,0
15356.0,10,2718.03,4,5,5,0
15358.0,29,8235.65,5,5,5,0
15360.0,1,427.93,3,1,2,0
15361.0,1,418.92,1,1,2,1
15363.0,2,318.05,1,2,2,1
15364.0,2,913.19,2,2,4,1
15365.0,9,1330.45,4,5,4,0
15366.0,2,602.51,2,2,3,0
15367.0,5,1867.69,3,4,4,0
15368.0,1,446.94000000000005,4,1,2,0
15369.0,1,-1592.49,2,1,1,1
15370.0,8,2360.55,3,5,5,0
15372.0,1,2007.4,2,1,5,1
15373.0,13,2213.11,5,5,5,0
15374.0,1,168.0,2,1,1,1
15376.0,3,1221.56,3,3,4,0
15379.0,8,3631.89,2,5,5,1
15380.0,6,1682.36,5,4,4,0
15381.0,2,596.85,1,2,3,1
15382.0,8,5927.86,4,5,5,0
15384.0,3,635.76,2,3,3,1
15385.0,1,316.88,3,1,2,0
15386.0,1,394.14,1,1,2,1
15388.0,1,140.54,1,1,1,1
15389.0,1,500.0,2,1,3,1
15392.0,5,1515.73,5,4,4,0
15393.0,2,231.86,4,2,1,0
15394.0,4,2183.54,5,4,5,0
15395.0,1,107.45,1,1,1,1
15396.0,1,288.18,2,1,2,1
15397.0,1,94.0,1,1,1,1
15398.0,3,1339.63,4,3,4,0
15399.0,3,815.77,5,3,3,0
15400.0,6,666.7,2,4,3,1
15402.0,2,626.77,2,2,3,1
15405.0,1,349.1,1,1,2,1
15406.0,4,426.61,4,4,2,0
15407.0,4,1046.74,3,4,4,0
15408.0,1,267.18,1,1,2,1
15410.0,8,3450.84,2,5,5,0
15411.0,5,1336.43,4,4,4,0
15412.0,1,190.53,2,1,1,1
15414.0,3,774.9000000000001,5,3,3,0
15415.0,1,559.61,1,1,3,1
15416.0,5,3974.37,3,4,5,0
15417.0,1,508.8,2,1,3,0
15419.0,1,135.86,4,1,1,0
15421.0,4,950.36,3,4,4,0
15422.0,2,97.7,1,2,1,1
15423.0,1,43.5,3,1,1,0
15424.0,2,383.34,1,2,2,1
15426.0,7,1386.58,4,5,4,0
15427.0,3,1430.54,3,3,4,0
15428.0,1,93.78,4,1,1,0
15429.0,3,364.9,4,3,2,0
15432.0,1,171.19000000000003,4,1,1,0
15433.0,3,417.87,2,3,2,0
15434.0,6,997.48,5,4,4,0
15435.0,1,149.29,4,1,1,0
15436.0,3,1067.75,4,3,4,0
15437.0,1,200.16,1,1,1,1
15438.0,1,156.57999999999998,2,1,1,1
15440.0,3,383.68,3,3,2,0
15442.0,1,594.0,1,1,3,1
15443.0,8,3188.84,5,5,5,0
15444.0,2,1411.21,5,2,4,0
15445.0,1,113.5,1,1,1,1
15447.0,1,155.17000000000002,1,1,1,1
15448.0,1,494.64,1,1,3,1
15449.0,5,971.22,4,4,4,0
15450.0,1,429.84,4,1,2,0
15452.0,3,528.48,4,3,3,0
15453.0,7,1371.77,5,5,4,0
15454.0,1,179.1,1,1,1,1
15456.0,3,434.59,1,3,2,1
15457.0,1,237.07,1,1,2,1
15458.0,1,161.64,4,1,1,0
15460.0,1,214.26,1,1,1,1
15462.0,3,234.6,2,3,2,1
15463.0,1,126.14,4,1,1,0
15464.0,1,1044.65,1,1,4,1
15465.0,24,6945.02,4,5,5,0
15466.0,1,334.53,2,1,2,0
15467.0,4,511.88,5,4,3,0
15468.0,5,438.46,3,4,2,0
15469.0,4,504.5,3,4,3,0
15471.0,1,454.48,5,1,2,0
15472.0,1,371.56,2,1,2,1
15473.0,10,1465.2,4,5,4,0
15475.0,1,454.11,2,1,2,0
15478.0,2,1399.92,3,3,4,0
15480.0,1,905.5,2,1,4,1
15482.0,16,6393.52,4,5,5,0
15483.0,4,225.26,2,4,1,1
15484.0,5,3559.21,5,4,5,0
15485.0,3,2564.5,4,3,5,0
15488.0,1,91.32,2,1,1,1
15489.0,4,1090.03,4,4,4,0
15491.0,7,3090.85,2,5,5,1
15492.0,2,659.46,4,3,3,0
15493.0,7,1918.86,3,5,4,0
15494.0,2,1280.58,4,3,4,0
15497.0,3,1259.7,4,3,4,0
15498.0,35,12396.46,5,5,5,0
15500.0,4,1131.56,5,4,4,0
15502.0,23,5541.46,4,5,5,0
15503.0,1,141.04,1,1,1,1
15504.0,1,52.83,2,1,1,0
15505.0,7,3497.14,3,5,5,0
15506.0,3,972.08,4,3,4,0
15507.0,1,475.86,2,1,3,1
15508.0,6,1000.27,1,4,4,1
15510.0,1,250.0,1,1,2,1
15511.0,5,900.53,4,4,3,0
15512.0,2,121.0,2,3,1,1
15513.0,22,14520.08,4,5,5,0
15514.0,13,2907.45,4,5,5,0
15516.0,3,62.43,3,3,1,0
15517.0,1,267.03,1,1,2,1
15518.0,13,1890.99,3,5,4,0
15520.0,1,343.5,5,1,2,0
15521.0,13,2574.65,3,5,5,0
15522.0,2,397.99,3,3,2,0
15523.0,1,412.0100000000001,2,1,2,0
15524.0,1,440.0,4,1,2,0
15525.0,4,719.47,5,4,3,0
15526.0,2,148.44,3,3,1,0
15527.0,10,2347.57,4,5,5,0
15528.0,1,229.33,1,1,1,1
15529.0,12,3935.15,4,5,5,0
15530.0,4,1497.31,4,4,4,0
15531.0,2,1972.39,5,3,4,0
15532.0,6,1500.88,4,4,4,0
15533.0,5,746.92,4,4,3,0
15535.0,7,426.4,2,5,2,1
15537.0,1,110.92,2,1,1,1
15539.0,1,538.46,5,1,3,0
15540.0,1,213.3,5,1,1,0
15541.0,1,85.13000000000001,2,1,1,1
15543.0,1,127.86,1,1,1,1
15544.0,11,3542.51,5,5,5,0
15545.0,2,288.97,3,3,2,0
15547.0,14,4910.6,5,5,5,0
15549.0,4,1643.96,2,4,4,0
15550.0,4,575.63,5,4,3,0
15551.0,1,436.06,3,1,2,0
15552.0,1,90.12,1,1,1,1
15553.0,1,428.93,3,1,2,0
15554.0,1,217.2,1,1,1,1
15555.0,20,4747.89,4,5,5,0
15556.0,1,279.77,4,1,2,0
15557.0,1,468.91,4,1,3,0
15561.0,5,722.74,4,4,3,0
15562.0,1,134.55,1,1,1,1
15563.0,7,1319.69,5,5,4,0
15565.0,2,173.16000000000005,3,3,1,0
15567.0,1,186.01,4,1,1,0
15568.0,3,758.29,5,3,3,0
15569.0,5,1375.71,2,4,4,1
15570.0,13,4093.27,5,5,5,0
15571.0,4,650.4300000000001,4,4,3,0
15572.0,7,2533.42,5,5,5,0
15573.0,2,591.1899999999999,4,3,3,0
15574.0,4,675.64,2,4,3,1
15576.0,1,921.37,3,1,4,0
15577.0,3,258.88,2,3,2,1
15578.0,1,127.1,2,1,1,1
15579.0,2,327.6,3,3,2,0
15581.0,14,3425.77,2,5,5,1
15582.0,3,682.9100000000001,4,3,3,0
15584.0,5,718.36,4,4,3,0
15585.0,1,455.3,2,1,2,1
15587.0,4,913.68,3,4,4,0
15589.0,4,456.58,1,4,2,1
15590.0,1,-30.19,1,1,1,1
15592.0,1,388.58,3,1,2,0
15593.0,1,199.8,3,1,1,0
15594.0,6,1767.53,4,4,4,0
15596.0,9,1343.34,2,5,4,1
15597.0,2,315.72,4,3,2,0
15598.0,3,235.68,3,3,2,0
15599.0,2,761.74,4,3,3,0
15601.0,17,6745.360000000001,5,5,5,0
15602.0,15,1083.63,5,5,4,0
15603.0,1,48.48,2,1,1,0
15604.0,1,216.39,3,1,1,0
15605.0,5,1198.23,3,4,4,0
15606.0,11,2422.64,3,5,5,0
15607.0,1,104.76,1,1,1,1
15608.0,4,1093.68,4,4,4,0
15609.0,2,270.03000000000003,1,3,2,1
15610.0,1,112.46,3,1,1,0
15611.0,15,1568.39,5,5,4,0
15612.0,2,195.15,3,3,1,0
15615.0,27,10360.04,5,5,5,0
15618.0,5,747.031,3,4,3,0
15619.0,1,336.4,5,1,2,0
15620.0,6,1524.4,3,4,4,0
15621.0,6,1158.77,5,4,4,0
15622.0,16,3224.53,5,5,5,0
15623.0,1,301.03000000000003,2,1,2,1
15624.0,4,588.13,2,4,3,1
15625.0,8,1504.56,2,5,4,1
15626.0,2,675.8,2,3,3,0
15628.0,10,2865.64,5,5,5,0
15630.0,3,1180.4,3,3,4,0
15632.0,10,3147.31,4,5,5,0
15634.0,1,243.55,4,1,2,0
15636.0,2,724.76,2,3,3,0
15637.0,1,223.36,3,1,1,0
15638.0,1,-94.0,1,1,1,1
15639.0,1,425.32,2,1,2,1
15640.0,17,12336.74,5,5,5,0
15641.0,4,1887.2,2,4,4,1
15643.0,6,647.4,1,4,3,1
15644.0,4,803.54,2,4,3,1
15645.0,1,612.01,4,1,3,0
15646.0,4,425.14,2,4,2,1
15648.0,4,582.0500000000001,1,4,3,1
15649.0,2,816.0,1,3,3,1
15651.0,3,646.3,3,3,3,0
15652.0,1,337.74,2,1,2,1
15653.0,2,877.44,2,3,3,1
15654.0,2,922.53,5,3,4,0
15655.0,2,511.32,1,3,3,1
15656.0,4,748.5,3,4,3,0
15657.0,1,30.0,4,1,1,0
15658.0,8,958.9,1,5,4,1
15659.0,1,306.45,3,1,2,0
15660.0,12,1552.01,4,5,4,0
15661.0,2,309.8,1,3,2,1
15663.0,1,138.14,2,1,1,1
15664.0,2,358.63,3,3,2,0
15665.0,2,2222.21,2,3,5,1
15667.0,1,301.32000000000005,3,1,2,0
15668.0,1,76.32000000000001,1,1,1,1
15669.0,5,677.69,3,4,3,0
15670.0,1,173.05,1,1,1,1
15671.0,10,2635.49,4,5,5,0
15673.0,4,2726.23,2,4,5,0
15674.0,8,1744.02,2,5,4,0
15675.0,3,323.69,2,3,2,0
15676.0,5,3324.09,5,4,5,0
15677.0,1,657.23,3,1,3,0
15678.0,1,352.7,3,1,2,0
15679.0,4,781.28,4,4,3,0
15680.0,3,1333.68,5,3,4,0
15681.0,6,946.36,4,4,4,0
15683.0,1,193.75,2,1,1,1
15687.0,11,2981.5,5,5,5,0
15689.0,2,254.1,2,3,2,1
15690.0,2,239.76,5,3,2,0
15691.0,1,136.8,1,1,1,1
15692.0,1,191.04,4,1,1,0
15694.0,15,6423.6,5,5,5,0
15695.0,2,409.98,1,3,2,1
15696.0,12,2619.11,3,5,5,0
15699.0,1,309.65,4,1,2,0
15700.0,3,664.03,2,3,3,1
15701.0,4,1529.0,5,4,4,0
15703.0,1,211.5,1,1,1,1
15704.0,4,2293.62,2,4,5,1
15705.0,1,143.1,1,1,1,1
15706.0,7,1001.81,3,5,4,0
15707.0,4,916.98,3,4,4,0
15708.0,11,3200.73,3,5,5,0
15709.0,1,133.25,1,1,1,1
15712.0,5,1072.36,5,4,4,0
15713.0,3,346.75,2,3,2,1
15714.0,2,330.03000000000003,4,3,2,0
15716.0,4,1101.11,2,4,4,1
15717.0,1,150.3,1,1,1,1
15719.0,14,5028.42,3,5,5,0
15720.0,1,598.73,4,1,3,0
15721.0,1,471.4,4,1,3,0
15722.0,6,2169.86,3,4,5,0
15723.0,1,190.7,1,1,1,1
15724.0,3,212.3,1,3,1,1
15725.0,1,415.25,4,1,2,0
15727.0,7,5159.06,4,5,5,0
15728.0,1,-134.8,3,1,1,0
15729.0,2,62.0,1,3,1,1
15730.0,4,1108.38,3,4,4,0
15732.0,2,294.12,1,3,2,1
15733.0,1,162.3,1,1,1,1
15734.0,2,1339.45,2,3,4,1
15737.0,12,1121.21,4,5,4,0
15738.0,19,4788.77,4,5,5,0
15739.0,1,449.12,3,1,2,0
15740.0,1,154.88,3,1,1,0
15743.0,4,775.96,4,4,3,0
15744.0,1,34.8,2,1,1,0
15745.0,6,1071.24,5,4,4,0
15746.0,2,182.96,2,3,1,1
15747.0,3,946.64,4,3,4,0
15748.0,1,144.36,3,1,1,0
15749.0,4,21535.9,1,4,5,1
15750.0,9,2448.8,5,5,5,0
15752.0,8,2618.15,3,5,5,0
15753.0,1,79.2,1,1,1,1
15754.0,4,455.67,3,4,2,0
15755.0,8,2318.88,5,5,5,0
15756.0,4,528.01,3,4,3,0
15757.0,2,714.42,3,3,3,0
15758.0,1,205.25,4,1,1,0
15759.0,3,253.04,1,3,2,1
15762.0,2,583.75,3,3,3,0
15763.0,3,1048.67,4,3,4,0
15764.0,10,3245.47,2,5,5,0
15766.0,1,315.06,3,1,2,0
15768.0,4,581.83,2,4,3,1
15769.0,29,51823.72,5,5,5,0
15773.0,1,635.6800000000001,5,1,3,0
15774.0,1,270.8,3,1,2,0
15775.0,1,104.9,1,1,1,1
15776.0,1,241.62,2,1,2,1
15777.0,5,1021.61,1,4,4,1
15780.0,3,475.28,1,3,3,1
15781.0,4,333.56,4,4,2,0
15782.0,4,2593.94,5,4,5,0
15783.0,1,246.3,5,1,2,0
15785.0,8,2303.75,4,5,5,0
15786.0,5,4821.0,3,4,5,0
15787.0,3,933.26,4,3,4,0
15789.0,1,351.3,1,1,2,1
15790.0,1,218.75,5,1,1,0
15791.0,3,1604.44,3,3,4,0
15793.0,4,948.96,5,4,4,0
15795.0,1,610.01,2,1,3,1
15796.0,10,2663.6600000000003,5,5,5,0
15797.0,4,2207.4,2,4,5,1
15799.0,3,884.14,2,3,3,0
15800.0,2,696.89,2,3,3,1
15801.0,4,1042.19,3,4,4,0
15802.0,3,-451.42,2,3,1,1
15803.0,1,415.8200000000001,3,1,2,0
15804.0,19,3848.55,5,5,5,0
15805.0,20,5411.87,4,5,5,0
15806.0,3,784.58,3,3,3,0
15807.0,3,903.9,3,3,4,0
15808.0,5,3641.07,1,4,5,1
15809.0,6,399.21,3,4,2,0
15810.0,7,1145.43,2,5,4,0
15811.0,9,2171.32,4,5,5,0
15812.0,5,1801.14,2,4,4,1
15813.0,2,1303.91,1,3,4,1
15814.0,6,1842.73,5,4,4,0
15815.0,5,2100.6,3,4,5,0
15819.0,4,1905.45,3,4,4,0
15820.0,1,206.98,1,1,1,1
15821.0,2,570.96,3,3,3,0
15822.0,2,885.47,5,3,3,0
15823.0,2,-840.76,1,3,1,1
15825.0,1,532.94,2,1,3,1
15826.0,4,1649.36,3,4,4,0
15827.0,20,1641.48,2,5,4,0
15829.0,2,636.14,2,3,3,1
15830.0,2,547.7,4,3,3,0
15831.0,4,740.64,3,4,3,0
15832.0,1,836.79,1,1,3,1
15834.0,6,2076.3,3,4,5,0
15835.0,4,954.09,3,4,4,0
15836.0,2,117.47,3,3,1,0
15837.0,1,391.98,3,1,2,0
15838.0,21,33350.76,5,5,5,0
15839.0,5,1020.74,4,4,4,0
15840.0,3,345.66,3,3,2,0
15841.0,6,1209.1,3,4,4,0
15843.0,1,118.95,1,1,1,1
15844.0,1,130.73999999999998,3,1,1,0
15845.0,10,3650.87,4,5,5,0
15847.0,2,389.27,3,3,2,0
15850.0,2,234.88,4,3,2,0
15852.0,2,160.71,1,3,1,1
15853.0,1,110.8,3,1,1,0
15854.0,12,2969.12,5,5,5,0
15855.0,5,712.24,2,4,3,1
15856.0,31,15929.74,5,5,5,0
15857.0,1,297.0,4,1,2,0
15858.0,5,1427.57,4,4,4,0
15860.0,8,965.16,3,5,4,0
15861.0,9,2981.92,4,5,5,0
15862.0,4,832.88,5,4,3,0
15863.0,2,68.84,4,3,1,0
15864.0,8,1769.78,4,5,4,0
15865.0,3,895.13,3,3,3,0
15866.0,1,211.89,2,1,1,1
15867.0,16,3795.29,5,5,5,0
15869.0,2,149.64,1,3,1,1
15870.0,1,351.44,3,1,2,0
15872.0,2,316.25,4,3,2,0
15874.0,9,4330.67,3,5,5,0
15877.0,3,437.83,5,3,2,0
15880.0,2,299.03,1,3,2,1
15881.0,8,438.24,1,5,2,1
15882.0,5,495.36,1,4,3,1
15883.0,2,396.48,5,3,2,0
15885.0,3,379.35,2,3,2,1
15886.0,1,181.09,3,1,1,0
15888.0,2,141.27,2,3,1,0
15889.0,2,420.07,2,3,2,1
15891.0,1,511.68,1,1,3,1
15894.0,2,258.25,1,3,2,1
15895.0,1,179.17,2,1,1,1
15897.0,2,208.59,1,3,1,1
15898.0,6,1379.63,5,4,4,0
15899.0,1,56.25,1,1,1,1
15900.0,1,337.28000000000003,4,1,2,0
15901.0,3,351.73,4,3,2,0
15903.0,8,5126.34,5,5,5,0
15904.0,1,164.68,5,1,1,0
15906.0,8,1521.79,4,5,4,0
15907.0,3,882.72,5,3,3,0
15909.0,1,191.94,2,1,1,1
15910.0,8,1228.88,5,5,4,0
15912.0,2,264.62,2,3,2,1
15916.0,10,1466.01,4,5,4,0
15917.0,1,123.1,1,1,1,1
15918.0,2,334.23,1,3,2,1
15919.0,2,525.69,4,3,3,0
15920.0,4,167.5,2,4,1,1
15921.0,1,323.03000000000003,2,1,2,1
15922.0,2,363.6,1,3,2,1
15923.0,1,127.08,1,1,1,1
15925.0,1,207.15,1,1,1,1
15930.0,1,426.63,3,1,2,0
15932.0,11,2461.85,5,5,5,0
15933.0,3,1107.46,4,3,4,0
15935.0,2,416.86,1,3,2,1
15937.0,1,145.35000000000002,3,1,1,0
15938.0,5,404.58,2,4,2,1
15939.0,16,6102.26,2,5,5,0
15940.0,2,31.8,1,3,1,1
15942.0,1,337.44,2,1,2,1
15944.0,1,325.1,1,1,2,1
15945.0,1,181.0,1,1,1,1
15947.0,1,1708.24,2,1,4,0
15948.0,2,955.24,5,3,4,0
15949.0,2,364.72,4,3,2,0
15950.0,5,1684.46,5,4,4,0
15951.0,3,669.57,5,3,3,0
15952.0,4,781.91,3,4,3,0
15953.0,10,1632.43,4,5,4,0
15955.0,16,4389.81,4,5,5,0
15957.0,1,428.89,4,1,2,0
15958.0,1,104.35,2,1,1,0
15963.0,2,470.76,4,3,3,0
15965.0,4,808.87,4,4,3,0
15967.0,2,397.68,4,3,2,0
15969.0,4,582.9,5,4,3,0
15970.0,1,314.1,1,1,2,1
15971.0,12,4199.85,4,5,5,0
15973.0,3,99.77000000000002,1,3,1,1
15974.0,8,3429.55,3,5,5,0
15975.0,1,371.01,2,1,2,0
15976.0,2,427.64,2,3,2,1
15977.0,2,1054.73,4,3,4,0
15978.0,1,1098.78,2,1,4,0
15980.0,3,2398.86,2,3,5,0
15981.0,8,3408.48,4,5,5,0
15983.0,4,1465.12,4,4,4,0
15984.0,11,2759.93,5,5,5,0
15985.0,3,1037.42,2,3,4,1
15986.0,1,168.12,4,1,1,0
15987.0,7,1432.77,4,5,4,0
15988.0,1,156.78,4,1,1,0
15990.0,2,792.11,3,3,3,0
15992.0,1,41.99,5,1,1,0
15993.0,10,2736.92,5,5,5,0
15994.0,1,414.27,3,1,2,0
15996.0,7,1016.68,2,5,4,0
15998.0,6,3074.42,3,4,5,0
16000.0,3,12393.7,5,3,5,0
16003.0,5,2735.37,4,4,5,0
16005.0,4,578.71,4,4,3,0
16006.0,1,101.4,1,1,1,1
16007.0,4,1693.81,3,4,4,0
16008.0,3,478.78,4,3,3,0
16009.0,4,972.11,4,4,4,0
16010.0,3,392.4,1,3,2,1
16011.0,16,3352.96,5,5,5,0
16012.0,3,1415.29,3,3,4,0
16013.0,54,33366.25,5,5,5,0
16014.0,4,637.58,3,4,3,0
16015.0,4,689.7,5,4,3,0
16016.0,10,1440.06,5,5,4,0
16017.0,1,211.88,3,1,1,0
16018.0,2,408.9,3,3,2,0
16019.0,10,3450.24,5,5,5,0
16020.0,3,851.01,4,3,3,0
16022.0,1,602.63,1,1,3,1
16023.0,3,719.81,3,3,3,0
16024.0,1,251.03,4,1,2,0
16025.0,1,439.66,4,1,2,0
16026.0,1,236.09,3,1,2,0
16027.0,7,852.12,2,5,3,1
16029.0,76,53168.69,3,5,5,0
16030.0,1,331.24,1,1,2,1
16031.0,2,547.9,2,3,3,1
16033.0,27,8690.03,5,5,5,0
16034.0,3,437.7000000000001,1,3,2,1
16036.0,2,758.9200000000001,2,3,3,0
16037.0,3,855.02,1,3,3,1
16038.0,4,454.33,5,4,2,0
16040.0,3,1313.55,3,3,4,0
16041.0,3,3166.4,4,3,5,0
16042.0,7,1127.57,4,5,4,0
16043.0,4,773.99,3,4,3,0
16045.0,4,1340.7,2,4,4,1
16048.0,3,243.69000000000003,2,3,2,0
16049.0,3,1074.81,3,3,4,0
16050.0,1,137.9,2,1,1,1
16052.0,1,362.06,3,1,2,0
16053.0,2,1511.95,3,3,4,0
16054.0,1,783.9,2,1,3,1
16055.0,1,134.8,1,1,1,1
16056.0,1,650.75,3,1,3,0
16057.0,10,2140.2200000000003,5,5,5,0
16059.0,6,1453.16,3,4,4,0
16061.0,1,-29.95,1,1,1,1
16062.0,4,1153.62,5,4,4,0
16063.0,1,335.32,1,1,2,1
16065.0,1,367.14,1,1,2,1
16066.0,5,1521.04,4,4,4,0
16070.0,2,852.15,4,3,3,0
16071.0,1,326.24,3,1,2,0
16072.0,1,584.3199999999999,1,1,3,1
16073.0,2,94.35,1,3,1,1
16076.0,11,2173.53,5,5,5,0
16078.0,1,79.2,1,1,1,1
16079.0,3,1352.0,4,3,4,0
16080.0,3,176.6,2,3,1,0
16081.0,5,2799.42,3,4,5,0
16083.0,2,1317.62,2,3,4,1
16084.0,1,436.18,1,1,2,1
16085.0,5,981.51,4,4,4,0
16086.0,6,1119.31,3,4,4,0
16091.0,2,315.06,2,3,2,1
16092.0,5,779.36,2,4,3,1
16093.0,1,17.0,2,1,1,1
16094.0,6,1041.83,4,4,4,0
16096.0,1,320.62,1,1,2,1
16097.0,1,185.05,1,1,1,1
16098.0,7,2005.63,2,5,5,0
16099.0,3,731.9,3,3,3,0
16101.0,3,1245.96,5,3,4,0
16102.0,3,1842.14,3,3,4,0
16103.0,6,1429.64,5,4,4,0
16104.0,1,298.21,3,1,2,0
16105.0,1,336.96,1,1,2,1
16106.0,1,108.38,3,1,1,0
16107.0,7,3204.1600000000003,4,5,5,0
16108.0,2,816.1,2,3,3,0
16109.0,2,611.88,1,3,3,1
16110.0,3,1320.95,3,3,4,0
16112.0,4,195.74,2,4,1,1
16113.0,1,161.38,1,1,1,1
16114.0,1,135.75000000000003,2,1,1,1
16115.0,8,1660.88,5,5,4,0
16116.0,2,592.88,1,3,3,1
16117.0,1,232.21,1,1,1,1
16119.0,2,423.36,5,3,2,0
16120.0,5,1294.14,3,4,4,0
16121.0,2,854.66,3,3,3,0
16122.0,4,684.42,2,4,3,0
16123.0,1,307.78000000000003,3,1,2,0
16124.0,2,187.15,1,3,1,1
16125.0,1,289.35,1,1,2,1
16126.0,4,6287.77,4,4,5,0
16127.0,1,656.25,3,1,3,0
16128.0,5,1880.22,4,4,4,0
16131.0,6,3506.54,3,4,5,0
16133.0,46,14305.66,5,5,5,0
16134.0,3,603.69,4,3,3,0
16135.0,1,517.55,1,1,3,1
16136.0,3,709.38,3,3,3,0
16138.0,1,-7.95,1,1,1,1
16139.0,3,635.4100000000001,4,3,3,0
16140.0,4,703.77,3,4,3,0
16141.0,1,620.4,2,1,3,0
16142.0,1,535.34,1,1,3,1
16143.0,7,2419.84,5,5,5,0
16144.0,1,175.2,1,1,1,1
16145.0,18,3741.98,5,5,5,0
16146.0,3,734.13,2,3,3,1
16147.0,1,375.0,2,1,2,1
16148.0,1,76.32000000000001,1,1,1,1
16149.0,2,280.52,5,3,2,0
16150.0,10,1906.07,3,5,4,0
16152.0,1,1829.04,1,1,4,1
16153.0,5,1824.23,3,4,4,0
16156.0,13,2994.62,5,5,5,0
16157.0,4,644.24,4,4,3,0
16159.0,1,348.2,1,1,2,1
16160.0,4,1009.45,3,4,4,0
16161.0,26,5311.08,5,5,5,0
16162.0,1,37.4,1,1,1,1
16163.0,3,441.6,1,3,2,1
16164.0,4,802.53,4,4,3,0
16168.0,28,3770.6,5,5,5,0
16169.0,4,1822.97,5,4,4,0
16170.0,7,1880.42,3,5,4,0
16171.0,1,73.19999999999999,3,1,1,0
16172.0,5,1140.21,2,4,4,1
16173.0,7,1406.57,4,5,4,0
16174.0,3,1009.55,2,3,4,1
16175.0,4,1037.59,2,4,4,1
16177.0,1,331.95,3,1,2,0
16178.0,1,197.9,2,1,1,1
16179.0,1,215.83,3,1,1,0
16180.0,10,10217.48,2,5,5,1
16181.0,1,305.54,2,1,2,0
16182.0,4,6617.65,2,4,5,0
16183.0,1,338.71000000000004,3,1,2,0
16184.0,7,1155.54,3,5,4,0
16185.0,2,529.41,4,3,3,0
16186.0,13,3991.94,4,5,5,0
16187.0,17,6841.24,4,5,5,0
16188.0,4,981.86,3,4,4,0
16189.0,2,215.48,4,3,1,0
16190.0,1,215.08,3,1,1,0
16191.0,25,4913.32,5,5,5,0
16193.0,1,314.45,1,1,2,1
16198.0,1,400.681,2,1,2,0
16200.0,2,1068.87,5,3,4,0
16201.0,5,1821.52,5,4,4,0
16202.0,1,365.27,1,1,2,1
16203.0,5,589.15,3,4,3,0
16204.0,1,384.18,4,1,2,0
16205.0,4,757.63,4,4,3,0
16206.0,4,537.0600000000001,3,4,3,0
16207.0,1,394.38,4,1,2,0
16208.0,2,664.26,3,3,3,0
16209.0,5,2262.62,2,4,5,0
16210.0,18,21086.3,5,5,5,0
16211.0,2,542.77,2,3,3,0
16212.0,3,681.19,4,3,3,0
16213.0,1,159.0,2,1,1,0
16214.0,3,1062.75,2,3,4,1
16215.0,1,242.35,2,1,2,0
16216.0,1,914.93,1,1,4,1
16217.0,4,259.39000000000004,1,4,2,1
16218.0,8,3054.87,4,5,5,0
16221.0,3,860.86,3,3,3,0
16222.0,1,773.55,1,1,3,1
16224.0,4,1295.3,3,4,4,0
16225.0,5,1096.32,3,4,4,0
16226.0,3,255.12,1,3,2,1
16227.0,2,308.32000000000005,1,3,2,1
16229.0,2,1010.6,2,3,4,0
16230.0,2,542.03,1,3,3,1
16232.0,5,983.23,3,4,4,0
16233.0,5,422.13,3,4,2,0
16235.0,6,858.41,3,4,3,0
16236.0,1,432.2,2,1,2,0
16239.0,3,372.9,3,3,2,0
16240.0,5,3693.81,5,4,5,0
16241.0,13,2590.31,5,5,5,0
16242.0,8,3574.91,5,5,5,0
16243.0,2,409.1,3,3,2,0
16244.0,2,1522.75,1,3,4,1
16245.0,5,1352.36,4,4,4,0
16247.0,1,114.56,2,1,1,1
16248.0,1,152.94,3,1,1,0
16249.0,5,1800.07,3,4,4,0
16250.0,2,389.44,1,3,2,1
16252.0,1,-295.09000000000003,1,1,1,1
16253.0,3,3665.62,4,3,5,0
16255.0,10,2609.3,4,5,5,0
16256.0,2,732.63,1,3,3,1
16257.0,1,46.95,2,1,1,1
16258.0,5,5203.51,3,4,5,0
16260.0,1,1035.45,3,1,4,0
16261.0,4,728.54,4,4,3,0
16262.0,1,-31.65,1,1,1,1
16265.0,11,5423.15,5,5,5,0
16266.0,7,861.89,2,5,3,0
16268.0,2,667.65,3,3,3,0
16270.0,1,1141.24,1,1,4,1
16271.0,6,1398.69,5,4,4,0
16272.0,1,411.7,2,1,2,1
16274.0,1,351.75,1,1,2,1
16275.0,1,559.87,1,1,3,1
16276.0,1,810.6,2,1,3,1
16278.0,3,537.83,4,3,3,0
16279.0,4,1489.88,4,4,4,0
16281.0,1,2062.06,2,1,5,0
16282.0,1,168.3,1,1,1,1
16283.0,7,1531.51,5,5,4,0
16284.0,2,812.68,4,3,3,0
16287.0,1,142.5,2,1,1,1
16292.0,2,280.9,2,3,2,1
16293.0,12,2236.74,5,5,5,0
16295.0,4,1328.55,5,4,4,0
16297.0,4,275.4,1,4,2,1
16298.0,3,598.2,4,3,3,0
16302.0,2,212.82,2,3,1,1
16303.0,4,5305.83,4,4,5,0
16305.0,1,361.22,2,2,2,1
16306.0,9,602.27,1,5,3,1
16308.0,4,2560.0,3,4,5,0
16309.0,3,686.6700000000001,2,3,3,1
16311.0,2,616.26,4,3,3,0
16313.0,2,274.15000000000003,5,3,2,0
16315.0,1,226.37,1,2,1,1
16316.0,12,2755.56,3,5,5,0
16317.0,3,1341.65,2,3,4,1
16318.0,1,328.15000000000003,3,2,2,0
16319.0,1,404.4,1,2,2,1
16320.0,2,1038.46,2,3,4,1
16321.0,7,230.7,2,5,1,0
16322.0,2,326.75,5,3,2,0
16323.0,1,207.50000000000003,1,2,1,1
16324.0,3,408.59,2,3,2,1
16325.0,5,510.54,3,4,3,0
16326.0,15,3014.2200000000003,5,5,5,0
16327.0,6,3820.27,4,4,5,0
16330.0,4,242.21,4,4,2,0
16332.0,8,1572.8,4,5,4,0
16333.0,22,26626.8,5,5,5,0
16337.0,1,151.05,3,2,1,0
16338.0,1,214.8,2,2,1,1
16339.0,1,94.05,1,2,1,1
16340.0,1,534.31,2,2,3,1
16341.0,6,1959.38,4,4,4,0
16342.0,4,322.41,2,4,2,0
16343.0,2,328.58,4,3,2,0
16344.0,1,101.1,2,2,1,1
16345.0,1,565.46,3,2,3,0
16347.0,2,847.45,5,3,3,0
16348.0,7,1415.65,4,5,4,0
16349.0,1,53.5,1,2,1,1
16350.0,5,1100.47,4,4,4,0
16351.0,1,153.9,1,2,1,1
16352.0,2,494.44,4,3,3,0
16353.0,23,6675.71,5,5,5,0
16354.0,2,395.8,3,3,2,0
16356.0,4,210.32,1,4,1,1
16357.0,3,658.88,3,3,3,0
16358.0,5,2024.95,5,4,5,0
16359.0,12,1460.37,5,5,4,0
16360.0,8,3349.57,5,5,5,0
16361.0,4,891.21,5,4,3,0
16362.0,9,627.29,4,5,3,0
16363.0,1,109.36,3,2,1,0
16364.0,2,705.79,4,3,3,0
16365.0,9,1540.42,4,5,4,0
16366.0,1,327.3,4,2,2,0
16367.0,2,800.67,3,3,3,0
16368.0,2,479.91,5,3,3,0
16369.0,3,1545.41,4,3,4,0
16370.0,4,1301.91,2,4,4,0
16372.0,2,355.73,3,3,2,0
16374.0,2,466.73,3,3,3,0
16376.0,3,965.47,5,3,4,0
16377.0,1,676.2,1,2,3,1
16378.0,3,362.95,1,3,2,1
16379.0,5,2131.9,5,4,5,0
16380.0,1,1743.15,3,2,4,0
16383.0,2,643.76,2,3,3,0
16384.0,2,584.5,2,3,3,0
16385.0,3,554.86,3,3,3,0
16386.0,2,302.57,4,3,2,0
16387.0,1,94.36,1,2,1,1
16389.0,5,1362.27,3,4,4,0
16392.0,1,217.89,1,2,1,1
16393.0,20,2935.8,5,5,5,0
16394.0,9,1412.06,3,5,4,0
16395.0,5,1482.06,3,4,4,0
16398.0,4,1631.15,2,4,4,1
16399.0,2,408.02,4,3,2,0
16400.0,1,303.93,2,2,2,1
16401.0,20,4061.24,5,5,5,0
16402.0,2,293.45,1,3,2,1
16403.0,2,161.05,1,3,1,1
16404.0,1,443.05,3,2,2,0
16405.0,2,167.25,1,3,1,1
16406.0,1,154.35,4,2,1,0
16407.0,10,2079.68,4,5,5,0
16409.0,5,2022.98,3,4,5,0
16411.0,2,211.7,4,3,1,0
16412.0,1,135.99,3,2,1,0
16413.0,1,262.2,3,2,2,0
16414.0,2,126.25,4,3,1,0
16415.0,1,200.27,3,2,1,0
16416.0,4,1026.99,4,4,4,0
16418.0,3,631.12,3,3,3,0
16419.0,7,945.96,2,5,4,1
16422.0,75,33805.69,4,5,5,0
16423.0,1,346.12,4,2,2,0
16424.0,2,82.56,1,3,1,1
16425.0,1,302.7,1,2,2,1
16426.0,10,1863.76,5,5,4,0
16427.0,2,241.06,1,3,2,1
16428.0,1,-2.95,2,2,1,0
16429.0,1,284.55,2,2,2,1
16430.0,1,300.85,3,2,2,0
16431.0,3,623.28,1,3,3,1
16432.0,1,287.40000000000003,3,2,2,0
16433.0,1,184.26,4,2,1,0
16434.0,7,1511.8,4,5,4,0
16438.0,5,798.35,5,4,3,0
16440.0,5,3640.67,5,4,5,0
16441.0,2,381.2,3,3,2,0
16442.0,3,609.3,5,3,3,0
16444.0,5,638.77,3,4,3,0
16445.0,1,230.51,3,2,1,0
16446.0,3,2.8999999999941792,5,3,1,0
16447.0,1,255.91,2,2,2,1
16448.0,1,182.99,1,2,1,1
16449.0,3,674.69,1,3,3,1
16450.0,1,311.92,2,2,2,1
16451.0,1,266.97,2,2,2,0
16454.0,3,-8.15,3,3,1,0
16455.0,7,1841.18,3,5,4,0
16456.0,5,2158.18,2,4,5,1
16457.0,1,208.36,1,2,1,1
16458.0,18,3482.74,5,5,5,0
16460.0,3,811.23,4,3,3,0
16461.0,1,142.92,2,2,1,1
16462.0,4,102.0,3,4,1,0
16463.0,7,1383.7,4,5,4,0
16464.0,3,1298.66,4,3,4,0
16466.0,7,1595.96,3,5,4,0
16468.0,1,74.9,2,2,1,0
16469.0,4,625.42,4,4,3,0
16470.0,5,747.82,3,4,3,0
16471.0,1,223.95,1,2,1,1
16473.0,4,314.86,2,4,2,1
16474.0,11,1750.62,5,5,4,0
16475.0,4,544.3,2,4,3,0
16477.0,7,2494.46,3,5,5,0
16478.0,3,331.0,4,3,2,0
16479.0,2,300.83,5,3,2,0
16480.0,1,769.29,2,2,3,0
16482.0,1,220.62,4,2,1,0
16483.0,1,139.35,1,2,1,1
16484.0,3,379.4,2,3,2,1
16485.0,1,363.65,2,2,2,0
16488.0,4,492.2000000000001,3,4,3,0
16491.0,1,731.5,3,2,3,0
16493.0,6,1329.66,2,4,4,0
16494.0,1,826.53,1,2,3,1
16495.0,3,648.26,5,3,3,0
16496.0,4,1562.22,5,4,4,0
16497.0,6,2965.69,3,4,5,0
16498.0,3,86.12,2,3,1,1
16499.0,5,319.1,1,4,2,1
16500.0,6,400.86,5,4,2,0
16503.0,5,1421.43,2,4,4,1
16504.0,1,465.88,4,2,3,0
16505.0,1,777.6,4,2,3,0
16506.0,2,90.3,4,3,1,0
16509.0,1,363.7000000000001,1,2,2,1
16510.0,1,248.1,1,2,2,1
16511.0,3,918.33,4,3,4,0
16513.0,4,874.59,5,4,3,0
16515.0,5,1624.14,3,4,4,0
16516.0,1,101.7,4,2,1,0
16517.0,1,162.70000000000002,1,2,1,1
16518.0,3,480.92,3,3,3,0
16519.0,2,215.08,4,3,1,0
16520.0,4,1036.62,1,4,4,1
16523.0,28,9295.67,5,5,5,0
16525.0,29,11895.57,5,5,5,0
16526.0,1,290.36,2,2,2,1
16527.0,1,228.06,2,2,1,0
16528.0,1,244.41,5,2,2,0
16529.0,1,455.25,1,2,2,1
16531.0,7,1244.59,4,5,4,0
16532.0,3,6748.8,4,3,5,0
16533.0,5,1014.19,4,4,4,0
16535.0,1,593.75,5,2,3,0
16536.0,2,538.17,2,3,3,1
16539.0,4,1388.81,5,4,4,0
16542.0,1,119.62,3,2,1,0
16545.0,1,339.3,2,2,2,1
16546.0,3,-95.93000000000012,1,3,1,1
16549.0,10,4034.9,5,5,5,0
16550.0,9,2266.25,2,5,5,1
16551.0,3,922.12,2,3,4,1
16552.0,2,379.73,1,3,2,1
16553.0,14,5664.57,2,5,5,1
16554.0,7,641.55,5,5,3,0
16555.0,2,285.89,3,3,2,0
16556.0,7,3313.79,3,5,5,0
16557.0,2,281.85,4,3,2,0
16558.0,24,8257.04,5,5,5,0
16560.0,3,816.51,4,3,3,0
16561.0,2,511.12,5,3,3,0
16563.0,1,1077.74,3,2,4,0
16565.0,1,173.7,1,2,1,1
16566.0,6,614.01,4,4,3,0
16567.0,2,865.6,1,3,3,1
16569.0,1,124.2,5,2,1,0
16570.0,15,3622.95,5,5,5,0
16571.0,5,1285.22,5,4,4,0
16572.0,4,999.7,2,4,4,1
16573.0,4,648.41,2,4,3,0
16574.0,1,451.44,3,2,2,0
16579.0,1,-30.6,1,2,1,1
16581.0,2,70.44,2,3,1,1
16582.0,1,313.62,2,2,2,1
16583.0,1,233.45,1,2,2,1
16584.0,3,908.03,2,3,4,0
16586.0,1,463.95,1,2,3,1
16587.0,1,225.15,1,2,1,1
16589.0,3,459.24,3,3,2,0
16591.0,1,213.5,3,2,1,0
16592.0,19,4073.28,5,5,5,0
16593.0,3,330.03,3,3,2,0
16594.0,1,181.09,2,2,1,0
16595.0,1,360.16,3,2,2,0
16596.0,2,250.15,4,3,2,0
16597.0,1,90.04,5,2,1,0
16598.0,2,140.7,1,3,1,1
16600.0,6,813.52,5,4,3,0
16601.0,1,242.7,3,2,2,0
16602.0,2,494.73,4,3,3,0
16603.0,2,482.47,2,3,3,0
16607.0,16,3038.67,4,5,5,0
16609.0,9,5450.96,4,5,5,0
16610.0,1,75.66,1,2,1,1
16611.0,2,120.99,1,3,1,1
16612.0,4,1187.66,3,4,4,0
16613.0,1,618.59,3,2,3,0
16614.0,1,506.19,1,2,3,1
16616.0,2,500.42,4,3,3,0
16617.0,1,151.85,1,2,1,1
16618.0,6,2630.64,4,4,5,0
16619.0,2,204.41,1,3,1,1
16620.0,2,178.96,5,3,1,0
16621.0,4,813.48,3,4,3,0
16623.0,1,129.45000000000002,1,2,1,1
16624.0,2,810.57,2,3,3,0
16625.0,1,333.08,1,2,2,1
16626.0,20,4379.65,5,5,5,0
16627.0,1,322.8,2,2,2,0
16628.0,6,2183.04,4,4,5,0
16629.0,2,408.63,2,3,2,0
16633.0,7,2878.15,4,5,5,0
16634.0,2,217.9,1,3,1,1
16637.0,5,1124.59,4,4,4,0
16638.0,11,1676.47,4,5,4,0
16639.0,4,1169.38,4,4,4,0
16641.0,1,231.1,2,2,1,1
16642.0,3,679.83,5,3,3,0
16643.0,1,487.51,1,2,3,1
16644.0,2,833.78,2,3,3,1
16647.0,2,214.06,2,3,1,1
16648.0,2,270.86,3,3,2,0
16650.0,1,518.42,2,2,3,0
16652.0,11,6654.26,3,5,5,0
16653.0,3,1166.92,4,3,4,0
16654.0,5,594.97,2,4,3,1
16655.0,6,3789.52,4,4,5,0
16656.0,21,8568.24,4,5,5,0
16657.0,4,874.43,5,4,3,0
16658.0,1,123.24,1,2,1,1
16659.0,1,39.12,1,2,1,1
16660.0,5,810.45,4,4,3,0
16665.0,1,135.4,1,2,1,1
16666.0,1,118.98,4,2,1,0
16667.0,2,567.1800000000001,3,3,3,0
16668.0,6,306.72,4,4,2,0
16669.0,4,1344.88,4,4,4,0
16670.0,17,4022.46,4,5,5,0
16671.0,3,1692.27,4,3,4,0
16672.0,23,8093.59,5,5,5,0
16674.0,2,304.24,3,3,2,0
16676.0,5,1558.72,3,4,4,0
16678.0,17,3013.83,5,5,5,0
16679.0,1,129.75,1,2,1,1
16680.0,1,183.7,3,2,1,0
16681.0,6,1770.34,2,4,4,0
16682.0,5,1028.0,5,4,4,0
16684.0,31,65892.08,5,5,5,0
16685.0,2,324.24,3,3,2,0
16686.0,9,2940.53,3,5,5,0
16688.0,4,1260.86,5,4,4,0
16689.0,3,303.26,2,3,2,0
16690.0,3,208.63,3,3,1,0
16692.0,2,1276.0,1,3,4,1
16693.0,2,477.86,3,3,3,0
16696.0,4,657.9,2,4,3,1
16697.0,1,112.75,1,2,1,1
16698.0,2,1998.0,1,3,5,1
16700.0,17,5040.0,5,5,5,0
16701.0,18,5150.27,5,5,5,0
16705.0,29,13946.13,5,5,5,0
16706.0,3,531.35,3,3,3,0
16708.0,1,656.63,3,2,3,0
16709.0,5,3029.87,2,4,5,0
16710.0,10,2467.99,4,5,5,0
16711.0,5,1651.03,5,4,4,0
16712.0,11,3611.31,5,5,5,0
16713.0,21,6827.88,4,5,5,0
16714.0,4,879.0600000000001,1,4,3,1
16715.0,1,301.72,2,2,2,0
16716.0,3,319.8000000000001,1,3,2,1
16717.0,9,3263.06,5,5,5,0
16718.0,1,606.0500000000001,1,2,3,1
16719.0,8,1753.72,4,5,4,0
16720.0,1,152.95,4,2,1,0
16721.0,1,292.47,1,2,2,1
16722.0,16,4711.21,4,5,5,0
16723.0,2,576.4,2,3,3,1
16725.0,8,752.32,1,5,3,1
16726.0,5,1358.74,4,4,4,0
16727.0,1,256.32,1,2,2,1
16728.0,4,1048.28,3,4,4,0
16729.0,26,7041.69,3,5,5,0
16730.0,4,702.79,3,4,3,0
16732.0,1,603.75,4,2,3,0
16734.0,3,646.76,3,3,3,0
16735.0,7,2216.06,2,5,5,0
16737.0,1,417.6,3,2,2,0
16738.0,1,3.75,1,2,1,1
16739.0,2,312.55,2,3,2,1
16742.0,2,0.0,3,3,1,0
16743.0,8,2166.88,4,5,5,0
16744.0,7,1291.91,5,5,4,0
16745.0,18,7157.1,2,5,5,0
16746.0,19,6676.76,5,5,5,0
16747.0,4,826.96,4,4,3,0
16748.0,5,1515.9,4,4,4,0
16750.0,5,623.93,3,4,3,0
16751.0,1,1764.72,4,2,4,0
16752.0,1,207.5,1,2,1,1
16753.0,1,223.92,3,2,1,0
16754.0,1,2002.4,1,2,5,1
16755.0,5,1463.23,2,4,4,1
16756.0,1,239.4,1,2,2,1
16757.0,1,106.83,1,2,1,1
16758.0,1,369.34,3,2,2,0
16759.0,4,772.84,5,4,3,0
16761.0,1,316.62,2,2,2,1
16762.0,3,1207.24,4,3,4,0
16763.0,2,594.9,1,3,3,1
16764.0,18,2749.9500000000003,5,5,5,0
16765.0,1,34.0,1,2,1,1
16766.0,2,1145.6,1,3,4,1
16767.0,11,5575.56,4,5,5,0
16768.0,5,458.04,3,4,2,0
16769.0,1,361.54,1,2,2,1
16770.0,6,731.9,3,4,3,0
16771.0,5,2242.61,3,4,5,0
16773.0,1,171.59,3,2,1,0
16774.0,5,654.92,3,4,3,0
16775.0,11,1691.51,5,5,4,0
16776.0,1,371.54,3,2,2,0
16777.0,2,222.62,2,3,1,0
16778.0,2,245.94,2,3,2,0
16779.0,28,10436.05,5,5,5,0
16780.0,2,422.24,2,3,2,1
16781.0,2,294.65000000000003,1,3,2,1
16782.0,19,2230.3,5,5,5,0
16784.0,1,107.6,4,2,1,0
16788.0,2,594.39,2,3,3,1
16789.0,1,80.80000000000001,5,2,1,0
16790.0,8,1520.12,5,5,4,0
16791.0,8,1690.28,4,5,4,0
16792.0,2,110.38,1,3,1,1
16793.0,1,243.84,3,2,2,0
16794.0,12,1175.3,5,5,4,0
16795.0,1,414.88,1,2,2,1
16796.0,1,305.62,2,2,2,0
16800.0,1,1162.65,5,2,4,0
16801.0,5,842.3299999999999,2,4,3,1
16803.0,1,332.3,3,2,2,0
16804.0,3,536.99,4,3,3,0
16805.0,2,460.59,2,3,2,1
16806.0,4,762.16,2,4,3,1
16807.0,3,1121.59,2,3,4,1
16808.0,2,288.42,2,3,2,1
16809.0,6,912.74,4,4,4,0
16810.0,2,275.64,1,3,2,1
16811.0,2,547.07,5,3,3,0
16812.0,1,479.35,1,2,3,1
16813.0,10,1652.18,5,5,4,0
16814.0,22,6408.2,4,5,5,0
16816.0,4,417.06,2,4,2,1
16817.0,13,1446.95,5,5,4,0
16818.0,13,3317.9700000000003,5,5,5,0
16820.0,1,497.61,2,2,3,1
16823.0,1,358.38,1,2,2,1
16824.0,2,460.64,4,3,2,0
16825.0,2,775.18,3,3,3,0
16826.0,1,341.7,3,2,2,0
16828.0,2,128.5,2,3,1,1
16829.0,1,197.22,2,2,1,1
16830.0,1,325.91,3,2,2,0
16832.0,3,199.15,1,3,1,1
16833.0,4,1106.53,5,4,4,0
16834.0,1,413.46,1,2,2,1
16835.0,2,180.85,2,3,1,1
16836.0,2,251.87,3,3,2,0
16837.0,12,3167.73,4,5,5,0
16838.0,3,582.9,1,3,3,1
16839.0,39,15357.78,5,5,5,0
16841.0,7,1774.62,3,5,4,0
16842.0,4,1260.44,3,4,4,0
16843.0,17,10183.82,3,5,5,0
16846.0,1,214.32,3,2,1,0
16847.0,1,193.44,3,2,1,0
16848.0,1,281.42,3,2,2,0
16849.0,1,124.57,1,2,1,1
16850.0,1,332.41,1,2,2,1
16851.0,3,342.45,5,3,2,0
16852.0,2,144.91,5,3,1,0
16855.0,2,328.40000000000003,4,3,2,0
16856.0,1,35.400000000000006,4,2,1,0
16858.0,2,345.89000000000004,1,3,2,1
16859.0,5,473.14,2,4,3,1
16861.0,3,151.65,3,3,1,0
16863.0,4,481.35,4,4,3,0
16866.0,3,207.74,2,3,1,1
16869.0,5,797.32,4,4,3,0
16871.0,7,2761.49,4,5,5,0
16872.0,3,680.02,2,3,3,0
16873.0,10,7066.31,5,5,5,0
16875.0,9,2023.47,3,5,5,0
16877.0,6,846.62,4,4,3,0
16878.0,2,0.0,4,3,1,0
16880.0,7,1491.43,4,5,4,0
16881.0,1,432.0,3,2,2,0
16882.0,3,705.12,3,3,3,0
16883.0,2,272.48,1,3,2,1
16884.0,2,429.84,3,3,2,0
16885.0,3,450.41,4,3,2,0
16887.0,1,192.33,3,2,1,0
16889.0,3,1578.67,1,3,4,1
16891.0,5,742.43,5,4,3,0
16892.0,7,489.49,5,5,3,0
16893.0,1,145.93,1,2,1,1
16895.0,1,202.27,3,2,1,0
16897.0,3,213.03,1,3,1,1
16898.0,4,436.68,4,4,2,0
16899.0,6,1271.06,5,4,4,0
16900.0,5,187.69,4,4,1,0
16902.0,1,1706.88,2,2,4,1
16903.0,1,363.2,4,2,2,0
16904.0,16,3653.75,5,5,5,0
16905.0,8,3020.65,5,5,5,0
16906.0,4,559.59,2,4,3,0
16907.0,5,928.76,4,4,4,0
16909.0,2,364.14,3,3,2,0
16910.0,8,1508.96,5,5,4,0
16912.0,14,2508.87,4,5,5,0
16913.0,1,113.44,1,2,1,1
16914.0,1,183.76,3,2,1,0
16915.0,6,621.6800000000001,5,4,3,0
16916.0,2,562.41,4,3,3,0
16917.0,1,391.52,1,2,2,1
16918.0,7,1043.34,3,5,4,0
16919.0,11,2592.25,2,5,5,1
16921.0,1,154.18,3,2,1,0
16923.0,26,6488.3,4,5,5,0
16924.0,4,722.64,4,4,3,0
16926.0,1,230.25,1,2,1,1
16927.0,3,543.05,2,3,3,1
16928.0,19,2748.6,2,5,5,0
16929.0,7,1295.39,5,5,4,0
16930.0,3,378.89,4,3,2,0
16931.0,21,4554.87,5,5,5,0
16932.0,1,150.23000000000002,3,2,1,0
16933.0,5,530.08,5,4,3,0
16934.0,2,931.03,3,3,4,0
16936.0,1,261.9,4,2,2,0
16938.0,5,1878.43,5,4,4,0
16940.0,3,3049.88,3,3,5,0
16942.0,10,1878.51,4,5,4,0
16943.0,3,816.73,1,3,3,1
16945.0,19,4345.5,4,5,5,0
16947.0,1,406.48,1,2,2,1
16948.0,3,435.02,2,3,2,1
16949.0,7,1161.27,5,5,4,0
16950.0,3,1178.56,3,3,4,0
16951.0,4,1262.75,2,4,4,1
16952.0,2,167.61,2,3,1,1
16953.0,1,20.8,4,2,1,0
16954.0,9,2085.08,5,5,5,0
16955.0,5,493.67,1,4,3,1
16956.0,2,292.34,5,3,2,0
16957.0,2,416.64,1,3,2,1
16959.0,1,117.35,2,2,1,0
16960.0,3,507.05,3,3,3,0
16961.0,1,234.17,2,2,2,1
16963.0,1,110.55,1,2,1,1
16965.0,1,201.19,1,2,1,1
16966.0,10,2148.47,5,5,5,0
16967.0,1,319.02,1,2,2,1
16968.0,2,439.43,5,3,2,0
16969.0,3,650.41,3,3,3,0
16971.0,2,232.21,5,3,1,0
16976.0,1,251.52,1,2,2,1
16978.0,1,344.33,2,2,2,0
16979.0,8,1809.05,5,5,4,0
16980.0,2,1028.46,1,3,4,1
16982.0,1,384.06,3,2,2,0
16983.0,8,1894.82,4,5,4,0
16984.0,5,4370.59,2,4,5,0
16985.0,11,5461.62,4,5,5,0
16986.0,2,1873.2,4,3,4,0
16987.0,7,1616.8,5,5,4,0
16988.0,1,126.12,5,2,1,0
16989.0,6,1133.25,5,4,4,0
16990.0,1,179.0,1,2,1,1
16992.0,6,1601.86,5,4,4,0
16995.0,1,-1.25,1,2,1,1
16996.0,9,1427.46,4,5,4,0
16997.0,3,702.0,1,3,3,1
16998.0,6,287.02,2,4,2,1
16999.0,2,484.82,4,3,3,0
17001.0,11,3989.57,5,5,5,0
17002.0,4,1487.78,2,4,4,0
17004.0,2,1312.14,3,3,4,0
17006.0,4,781.78,5,4,3,0
17007.0,7,877.4300000000001,3,5,3,0
17010.0,2,185.46,4,3,1,0
17011.0,1,270.9,4,2,2,0
17014.0,4,562.6800000000001,5,4,3,0
17015.0,3,1838.61,4,3,4,0
17017.0,27,8574.11,5,5,5,0
17018.0,2,920.1,3,3,4,0
17019.0,4,1258.08,5,4,4,0
17022.0,1,71.0,4,2,1,0
17024.0,3,95.85,3,3,1,0
17025.0,3,357.77,3,3,2,0
17026.0,2,154.83,1,3,1,1
17027.0,7,835.86,2,5,3,0
17029.0,2,716.0,2,3,3,1
17030.0,1,146.87,3,2,1,0
17031.0,2,380.35,4,3,2,0
17033.0,3,1030.14,2,3,4,0
17034.0,4,734.57,4,4,3,0
17035.0,3,388.33,1,3,2,1
17037.0,2,1253.22,2,3,4,0
17038.0,1,112.4,4,2,1,0
17040.0,1,449.73,2,2,2,1
17041.0,4,1055.69,4,4,4,0
17042.0,5,1036.58,5,4,4,0
17043.0,4,1735.18,4,4,4,0
17044.0,3,897.4300000000001,5,3,3,0
17045.0,3,339.44,2,3,2,1
17046.0,1,642.02,2,2,3,1
17047.0,3,1100.9,2,3,4,0
17048.0,6,864.32,2,4,3,1
17049.0,11,5589.83,5,5,5,0
17050.0,6,3185.64,2,4,5,1
17051.0,1,240.89,1,2,2,1
17052.0,1,399.09,4,2,2,0
17053.0,2,496.38,2,3,3,1
17054.0,6,1353.83,4,4,4,0
17058.0,3,1179.89,2,3,4,0
17059.0,5,3080.39,4,4,5,0
17060.0,1,234.24,1,2,2,1
17061.0,12,5116.13,2,5,5,0
17062.0,5,529.4300000000001,1,4,3,1
17063.0,11,1421.59,5,5,4,0
17064.0,3,855.45,3,3,3,0
17065.0,1,-112.35,2,2,1,1
17068.0,22,4531.34,4,5,5,0
17069.0,13,2655.2200000000003,4,5,5,0
17070.0,1,304.24,2,2,2,1
17071.0,14,2385.48,5,5,5,0
17073.0,4,1446.09,4,4,4,0
17075.0,5,813.77,4,4,3,0
17076.0,3,841.0799999999999,3,3,3,0
17078.0,2,378.2,3,3,2,0
17079.0,1,118.8,2,2,1,0
17080.0,3,285.5,4,3,2,0
17081.0,2,288.91,4,3,2,0
17082.0,2,2003.85,3,3,5,0
17083.0,3,1405.78,2,3,4,1
17084.0,2,2747.99,3,3,5,0
17085.0,6,1550.8,2,4,4,1
17086.0,6,2050.08,5,4,5,0
17088.0,4,1991.01,4,4,4,0
17090.0,8,1972.55,5,5,4,0
17091.0,10,3802.81,5,5,5,0
17092.0,4,1774.03,3,4,4,0
17094.0,2,270.20000000000005,1,3,2,1
17095.0,6,1088.2,4,4,4,0
17096.0,7,992.68,5,5,4,0
17097.0,9,937.92,5,5,4,0
17100.0,2,971.74,4,3,4,0
17101.0,4,1621.73,5,4,4,0
17102.0,1,25.5,1,2,1,1
17105.0,2,665.78,2,3,3,1
17107.0,7,10362.48,3,5,5,0
17109.0,8,865.9300000000001,4,5,3,0
17110.0,1,163.29999999999998,2,2,1,1
17111.0,1,231.61,3,2,1,0
17114.0,10,739.72,5,5,3,0
17115.0,5,806.9,5,4,3,0
17117.0,1,116.2,1,2,1,1
17118.0,1,157.02,1,2,1,1
17119.0,3,593.61,5,3,3,0
17120.0,1,307.46,1,2,2,1
17122.0,1,138.32,2,2,1,1
17123.0,1,345.3,2,2,2,1
17124.0,1,294.24,1,2,2,1
17125.0,1,230.5,3,2,1,0
17126.0,7,976.55,2,5,4,1
17128.0,1,157.09,1,2,1,1
17131.0,5,2463.17,5,4,5,0
17133.0,7,4892.240000000001,4,5,5,0
17134.0,2,413.2,2,3,2,1
17135.0,7,1139.73,4,5,4,0
17138.0,1,380.5,1,2,2,1
17139.0,15,10567.87,4,5,5,0
17140.0,1,454.12,1,2,2,1
17142.0,1,579.0,1,2,3,1
17144.0,2,984.57,5,3,4,0
17146.0,3,749.78,2,3,3,1
17147.0,6,1679.64,4,4,4,0
17148.0,1,124.88,3,2,1,0
17152.0,4,1503.5,1,4,4,1
17153.0,1,213.78,4,2,1,0
17154.0,1,329.34,2,2,2,0
17155.0,2,251.7,4,3,2,0
17157.0,3,306.55,5,3,2,0
17158.0,3,1266.97,4,3,4,0
17159.0,4,1534.73,4,4,4,0
17160.0,6,3518.03,4,4,5,0
17162.0,11,1707.21,4,5,4,0
17163.0,2,293.1,4,3,2,0
17164.0,8,2466.4,3,5,5,0
17165.0,1,158.68,1,2,1,1
17166.0,3,189.49,3,3,1,0
17169.0,4,816.88,3,4,3,0
17171.0,1,224.91,1,2,1,1
17172.0,2,313.26,2,3,2,0
17173.0,9,3755.65,5,5,5,0
17174.0,1,59.9,1,2,1,1
17175.0,5,1430.94,3,4,4,0
17176.0,1,306.13,1,2,2,1
17179.0,3,711.79,2,3,3,1
17180.0,6,768.32,3,4,3,0
17181.0,2,239.92,3,3,2,0
17183.0,8,3286.91,5,5,5,0
17186.0,2,144.0,3,3,1,0
17187.0,1,203.95,1,2,1,1
17188.0,9,2275.58,5,5,5,0
17189.0,2,383.75,2,3,2,1
17190.0,3,249.74,3,3,2,0
17191.0,7,2093.68,4,5,5,0
17193.0,9,1674.46,3,5,4,0
17194.0,2,262.62,1,3,2,1
17197.0,1,1013.01,4,2,4,0
17198.0,3,692.22,4,3,3,0
17201.0,1,289.78000000000003,3,2,2,0
17203.0,6,3560.08,3,4,5,0
17204.0,9,1352.91,2,5,4,1
17205.0,1,384.08,3,2,2,0
17206.0,1,204.24,3,2,1,0
17211.0,9,2299.67,4,5,5,0
17212.0,1,226.85,1,2,1,1
17213.0,11,2741.08,3,5,5,0
17214.0,7,974.12,3,5,4,0
17217.0,1,113.5,1,2,1,1
17218.0,10,1951.97,5,5,4,0
17219.0,1,114.23,4,2,1,0
17220.0,14,3187.55,4,5,5,0
17221.0,2,334.48,5,3,2,0
17222.0,1,328.65,3,2,2,0
17223.0,2,416.89,1,3,2,1
17226.0,1,393.49,1,2,2,1
17227.0,6,939.32,4,4,4,0
17228.0,8,1906.09,4,5,4,0
17229.0,2,318.76,2,3,2,1
17230.0,11,3466.67,1,5,5,1
17231.0,14,3078.22,4,5,5,0
17232.0,2,417.77,5,3,2,0
17233.0,1,190.88,3,2,1,0
17234.0,1,149.89,1,2,1,1
17235.0,2,550.0600000000001,4,3,3,0
17236.0,6,916.13,4,4,4,0
17237.0,2,314.69,5,3,2,0
17238.0,17,3719.1,5,5,5,0
17239.0,2,379.9500000000001,1,3,2,1
17242.0,2,1135.04,2,3,4,1
17243.0,30,8491.75,5,5,5,0
17244.0,1,954.9,3,2,4,0
17245.0,1,171.45000000000002,1,2,1,1
17247.0,1,280.09000000000003,4,2,2,0
17248.0,1,318.65,2,2,2,1
17250.0,2,381.97,5,3,2,0
17251.0,1,269.83,1,2,2,1
17252.0,2,348.91,2,3,2,1
17253.0,1,178.26,4,2,1,0
17254.0,2,271.19,5,3,2,0
17255.0,2,291.48,3,3,2,0
17256.0,2,240.0,2,3,2,1
17259.0,2,581.23,2,3,3,1
17262.0,5,1253.36,3,4,4,0
17263.0,1,63.440000000000005,1,2,1,1
17265.0,2,550.01,2,3,3,1
17266.0,3,296.58,5,3,2,0
17267.0,2,317.2,2,3,2,1
17268.0,4,763.64,2,4,3,1
17272.0,5,2144.53,3,4,5,0
17274.0,1,107.82,3,2,1,0
17277.0,2,1065.35,1,3,4,1
17278.0,1,246.04,1,2,2,1
17279.0,1,187.83,3,2,1,0
17282.0,3,1685.46,2,3,4,1
17284.0,7,1636.58,3,5,4,0
17286.0,1,151.37,4,2,1,0
17287.0,7,1049.06,4,5,4,0
17288.0,7,1417.63,5,5,4,0
17289.0,4,922.77,4,4,4,0
17290.0,2,513.01,5,3,3,0
17291.0,1,550.8000000000001,1,2,3,1
17293.0,9,1854.06,5,5,4,0
17295.0,3,547.0,4,3,3,0
17297.0,1,128.18,4,2,1,0
17298.0,2,498.42,2,3,3,1
17299.0,4,656.61,4,4,3,0
17301.0,1,163.24,4,2,1,0
17302.0,6,1119.93,4,4,4,0
17303.0,1,250.04,1,2,2,1
17306.0,21,8600.73,5,5,5,0
17307.0,1,-152.64,1,2,1,1
17309.0,1,82.75,2,2,1,1
17311.0,2,1384.85,2,3,4,0
17312.0,3,644.3,2,3,3,1
17313.0,2,2288.13,4,3,5,0
17314.0,11,2514.76,4,5,5,0
17315.0,43,6193.43,5,5,5,0
17317.0,5,2524.02,3,4,5,0
17320.0,3,1200.62,2,3,4,1
17321.0,2,657.16,5,3,3,0
17323.0,9,894.4399999999999,4,5,3,0
17324.0,4,986.48,4,4,4,0
17325.0,1,96.8,1,2,1,1
17329.0,2,523.11,4,3,3,0
17330.0,2,363.9,4,3,2,0
17331.0,1,175.2,2,2,1,1
17333.0,1,494.25,2,2,3,0
17334.0,3,306.6,1,3,2,1
17337.0,7,1897.51,2,5,4,1
17338.0,10,6461.79,4,5,5,0
17339.0,2,243.36,2,3,2,1
17340.0,16,11891.18,5,5,5,0
17341.0,3,682.29,2,3,3,1
17343.0,1,193.64,1,2,1,1
17344.0,1,157.62,3,2,1,0
17345.0,4,519.6899999999999,4,4,3,0
17346.0,16,2557.9,5,5,5,0
17347.0,1,228.96,2,2,1,0
17348.0,5,1156.6,4,4,4,0
17349.0,1,98.25,1,2,1,1
17350.0,5,1251.44,5,4,4,0
17351.0,3,587.15,3,3,3,0
17353.0,2,1740.0,2,3,4,1
17354.0,1,1393.06,3,2,4,0
17356.0,1,178.22,1,2,1,1
17357.0,2,384.39,4,3,2,0
17358.0,2,360.81,1,3,2,1
17359.0,1,127.86,5,2,1,0
17360.0,3,568.24,4,3,3,0
17361.0,3,488.2,3,3,3,0
17362.0,2,312.23,1,3,2,1
17364.0,12,4437.23,5,5,5,0
17365.0,8,4767.36,4,5,5,0
17367.0,1,167.55,1,2,1,1
17368.0,9,1315.72,4,5,4,0
17370.0,4,446.18,2,4,2,0
17371.0,3,418.4,4,3,2,0
17372.0,8,1337.18,3,5,4,0
17373.0,4,646.92,3,4,3,0
17374.0,2,495.77,1,3,3,1
17375.0,4,372.5,1,4,2,1
17376.0,2,203.2,3,3,1,0
17377.0,21,3883.32,4,5,5,0
17379.0,1,389.72,5,2,2,0
17381.0,30,20272.43,5,5,5,0
17382.0,1,65.4,3,2,1,0
17383.0,1,193.39,5,2,1,0
17384.0,2,336.4,4,3,2,0
17385.0,1,256.11,4,2,2,0
17386.0,6,2686.42,5,4,5,0
17387.0,2,746.81,4,3,3,0
17388.0,4,1259.56,2,4,4,0
17389.0,43,31300.08,5,5,5,0
17391.0,2,508.8,2,3,3,1
17392.0,2,417.27,1,3,2,1
17394.0,1,203.87,1,2,1,1
17396.0,8,7330.8,3,5,5,0
17397.0,2,681.41,4,3,3,0
17398.0,3,653.38,2,3,3,1
17400.0,5,2097.84,2,4,5,1
17402.0,13,2633.85,5,5,5,0
17403.0,1,263.92,3,2,2,0
17404.0,18,30300.82,5,5,5,0
17405.0,5,967.22,5,4,4,0
17406.0,5,1912.72,1,4,4,1
17408.0,1,32.65,2,2,1,1
17409.0,2,771.85,1,3,3,1
17410.0,5,1214.72,4,4,4,0
17411.0,4,748.94,4,4,3,0
17412.0,7,1258.06,5,5,4,0
17414.0,2,778.0,3,3,3,0
17415.0,1,507.84,2,2,3,0
17416.0,9,6838.34,4,5,5,0
17418.0,2,463.46,3,3,2,0
17419.0,14,4200.97,5,5,5,0
17420.0,3,598.83,3,3,3,0
17422.0,10,1853.13,4,5,4,0
17423.0,4,663.63,3,4,3,0
17425.0,2,759.1700000000001,4,3,3,0
17426.0,7,5022.26,5,5,5,0
17427.0,1,100.8,2,2,1,0
17428.0,33,17078.45,5,5,5,0
17429.0,4,512.12,2,4,3,1
17430.0,2,265.76,3,3,2,0
17431.0,1,403.3,1,2,2,1
17432.0,2,365.76,4,3,2,0
17433.0,1,303.16,2,2,2,0
17434.0,9,2333.42,5,5,5,0
17436.0,2,216.3,5,3,1,0
17438.0,2,378.3,1,3,2,1
17440.0,5,177.1,2,4,1,1
17442.0,10,2210.26,4,5,5,0
17443.0,1,534.24,1,2,3,1
17444.0,3,2940.04,2,3,5,1
17446.0,2,120.9,2,3,1,1
17447.0,2,541.53,3,3,3,0
17448.0,1,-4287.63,2,2,1,1
17449.0,8,2503.21,5,5,5,0
17450.0,55,187322.17,5,5,5,0
17451.0,10,1648.95,5,5,4,0
17453.0,2,486.72,4,3,3,0
17454.0,4,517.53,1,4,3,1
17455.0,1,131.7,1,2,1,1
17456.0,1,249.86,1,2,2,1
17457.0,5,1737.7,2,4,4,1
17458.0,1,316.5,4,2,2,0
17459.0,2,657.3,3,3,3,0
17460.0,8,452.63000000000005,2,5,2,0
17461.0,3,735.82,4,3,3,0
17462.0,3,662.94,3,3,3,0
17463.0,6,1860.81,4,4,4,0
17464.0,1,289.96000000000004,2,2,2,1
17466.0,2,763.28,5,3,3,0
17468.0,2,137.0,5,3,1,0
17469.0,6,1843.06,4,4,4,0
17470.0,5,1125.07,3,4,4,0
17472.0,3,697.54,1,3,3,1
17475.0,1,194.37,2,2,1,0
17480.0,2,506.51,2,3,3,0
17481.0,5,1249.34,5,4,4,0
17483.0,3,414.04,3,3,2,0
17486.0,1,396.87,1,2,2,1
17489.0,2,376.64,3,3,2,0
17490.0,11,1926.88,5,5,4,0
17491.0,11,3541.92,5,5,5,0
17492.0,1,374.57,1,2,2,1
17495.0,2,497.56,5,3,3,0
17496.0,1,271.05,1,2,2,1
17498.0,1,272.22,2,2,2,0
17499.0,1,622.88,1,2,3,1
17500.0,3,1138.0,4,3,4,0
17501.0,2,288.6,1,3,2,1
17502.0,4,689.1,5,4,3,0
17503.0,2,558.96,5,3,3,0
17504.0,10,2745.28,1,5,5,1
17505.0,2,1145.84,2,3,4,1
17506.0,2,294.29,3,3,2,0
17507.0,2,605.58,1,3,3,1
17508.0,1,387.31,1,2,2,1
17509.0,11,6069.24,3,5,5,0
17510.0,1,308.48,4,2,2,0
17511.0,46,88125.38,5,5,5,0
17512.0,11,2920.04,4,5,5,0
17513.0,1,513.2,2,2,3,0
17514.0,1,208.65,2,2,1,1
17515.0,4,639.02,4,4,3,0
17516.0,5,764.88,4,4,3,0
17517.0,1,153.94,1,2,1,1
17519.0,7,1839.07,4,5,4,0
17520.0,1,546.81,3,2,3,0
17521.0,4,721.96,4,4,3,0
17522.0,5,1070.71,5,4,4,0
17523.0,4,652.74,5,4,3,0
17524.0,1,145.0,1,2,1,1
17525.0,1,422.7,1,2,2,1
17526.0,8,706.7,5,5,3,0
17527.0,6,888.86,3,4,3,0
17528.0,11,3540.1,5,5,5,0
17530.0,10,2367.12,5,5,5,0
17531.0,2,293.45,2,3,2,1
17534.0,1,223.36,3,2,1,0
17535.0,1,164.4,1,2,1,1
17536.0,1,76.5,2,2,1,1
17537.0,2,887.6700000000001,4,3,3,0
17538.0,1,98.42,4,2,1,0
17540.0,3,570.4,5,3,3,0
17542.0,1,170.75,1,2,1,1
17545.0,3,642.32,3,3,3,0
17547.0,1,-11.8,1,2,1,1
17548.0,3,-141.48000000000002,1,3,1,1
17549.0,2,148.86,4,3,1,0
17550.0,3,267.16,1,3,2,1
17551.0,1,290.34,1,2,2,1
17552.0,6,909.96,3,4,4,0
17553.0,1,1487.6,2,2,4,1
17554.0,5,1952.45,5,4,4,0
17555.0,2,480.31,4,3,3,0
17556.0,1,157.9,1,2,1,1
17557.0,3,541.46,4,3,3,0
17560.0,5,854.95,2,4,3,1
17561.0,1,165.12,4,2,1,0
17562.0,8,1107.38,4,5,4,0
17564.0,3,454.01,4,3,2,0
17566.0,2,869.77,5,3,3,0
17567.0,10,4012.56,5,5,5,0
17569.0,1,344.14,1,2,2,1
17571.0,4,1425.67,3,4,4,0
17572.0,4,226.75000000000003,3,4,1,0
17573.0,4,362.9,4,4,2,0
17574.0,1,185.65,1,2,1,1
17576.0,22,3399.93,5,5,5,0
17578.0,2,124.74,1,3,1,1
17579.0,4,440.2,5,4,2,0
17580.0,3,215.72,1,3,1,1
17581.0,31,10716.31,5,5,5,0
17582.0,1,175.27,1,2,1,1
17584.0,3,1227.3,5,3,4,0
17585.0,4,1116.68,2,4,4,1
17588.0,3,1240.2,2,3,4,1
17589.0,4,2404.17,3,4,5,0
17590.0,3,1468.02,5,3,4,0
17591.0,8,2192.7200000000003,2,5,5,0
17593.0,6,3908.08,5,4,5,0
17594.0,2,993.18,2,3,4,0
17595.0,2,386.69,4,3,2,0
17596.0,7,2806.69,4,5,5,0
17597.0,1,2044.37,1,2,5,1
17600.0,1,161.67000000000002,4,2,1,0
17601.0,1,116.01,1,2,1,1
17602.0,8,5002.22,5,5,5,0
17603.0,5,-1165.3,3,4,1,0
17604.0,2,309.36,1,3,2,1
17608.0,2,191.99,3,3,1,0
17609.0,6,1097.48,3,4,4,0
17611.0,19,3924.77,5,5,5,0
17612.0,10,1992.76,3,5,4,0
17613.0,17,4494.77,4,5,5,0
17614.0,1,386.32,3,2,2,0
17615.0,3,329.6,2,3,2,1
17616.0,3,571.1999999999999,2,3,3,1
17618.0,3,930.28,5,3,4,0
17619.0,1,214.37,1,2,1,1
17620.0,1,81.44,3,2,1,0
17621.0,4,1336.1,4,4,4,0
17623.0,1,527.05,3,2,3,0
17624.0,2,843.48,4,3,3,0
17625.0,4,2020.4,4,4,5,0
17628.0,1,75.75,2,2,1,0
17629.0,9,1784.12,5,5,4,0
17630.0,2,503.6,2,3,3,1
17631.0,3,528.33,5,3,3,0
17633.0,6,1242.34,4,4,4,0
17634.0,9,2358.59,3,5,5,0
17636.0,2,265.93,5,3,2,0
17637.0,2,547.0600000000001,4,3,3,0
17639.0,1,108.5,1,2,1,1
17640.0,1,621.66,2,2,3,0
17642.0,2,712.29,2,3,3,1
17643.0,1,101.55,1,2,1,1
17644.0,17,2768.98,5,5,5,0
17646.0,4,995.66,1,4,4,1
17647.0,1,133.06,3,2,1,0
17648.0,5,1789.55,3,4,4,0
17649.0,2,861.74,2,3,3,1
17650.0,1,166.07999999999998,4,2,1,0
17651.0,14,3886.67,4,5,5,0
17652.0,18,4737.13,4,5,5,0
17653.0,5,1175.88,4,4,4,0
17654.0,1,117.55,1,2,1,1
17655.0,8,2571.74,5,5,5,0
17656.0,5,1674.69,2,4,4,0
17658.0,3,485.88,5,3,3,0
17659.0,14,2954.75,5,5,5,0
17660.0,1,178.75,2,2,1,1
17663.0,9,1788.27,4,5,4,0
17664.0,2,604.64,4,3,3,0
17666.0,2,728.16,5,3,3,0
17667.0,5,2055.51,3,4,5,0
17668.0,2,347.75,5,3,2,0
17669.0,7,3406.7200000000003,3,5,5,0
17670.0,1,205.7,1,2,1,1
17671.0,6,1284.08,4,4,4,0
17672.0,4,3106.62,3,4,5,0
17673.0,7,1588.07,5,5,4,0
17674.0,2,551.04,2,3,3,0
17675.0,41,20098.1,5,5,5,0
17676.0,7,1366.77,5,5,4,0
17677.0,43,16201.37,5,5,5,0
17678.0,1,298.11,1,2,2,1
17679.0,2,1992.11,3,3,4,0
17680.0,1,184.4,4,2,1,0
17682.0,7,2459.33,5,5,5,0
17684.0,1,239.41,3,2,2,0
17685.0,7,3155.83,4,5,5,0
17686.0,7,5739.46,5,5,5,0
17690.0,16,4717.3,4,5,5,0
17691.0,2,290.40000000000003,1,3,2,1
17692.0,5,733.44,2,4,3,1
17693.0,3,187.02,2,3,1,1
17694.0,1,283.12,2,2,2,1
17695.0,2,765.34,2,3,3,1
17696.0,14,2201.05,3,5,5,0
17697.0,1,338.95,1,2,2,1
17698.0,1,154.95,1,2,1,1
17700.0,6,2508.89,4,4,5,0
17701.0,1,417.95,1,2,2,1
17702.0,6,1719.72,4,4,4,0
17703.0,3,798.74,3,3,3,0
17704.0,2,885.19,2,3,3,1
17705.0,10,1781.12,5,5,4,0
17706.0,22,10097.37,5,5,5,0
17707.0,2,152.4,1,3,1,1
17708.0,2,263.33,1,3,2,1
17709.0,1,137.45,2,2,1,1
17711.0,2,385.1,5,3,2,0
17712.0,1,522.91,3,2,3,0
17714.0,1,153.0,1,2,1,1
17715.0,1,326.4,1,2,2,1
17716.0,12,5505.79,4,5,5,0
17718.0,1,139.35,1,2,1,1
17719.0,18,5367.8,3,5,5,0
17720.0,4,1195.94,4,4,4,0
17722.0,6,2380.64,2,4,5,1
17723.0,6,3276.4000000000005,2,4,5,1
17724.0,4,995.65,3,4,4,0
17725.0,14,3371.13,4,5,5,0
17727.0,2,1042.55,5,3,4,0
17728.0,5,2515.6800000000003,5,4,5,0
17730.0,15,5288.83,5,5,5,0
17731.0,5,878.2,2,4,3,0
17732.0,1,303.97,1,2,2,1
17733.0,2,692.19,3,3,3,0
17734.0,3,700.63,3,3,3,0
17735.0,19,13110.02,5,5,5,0
17736.0,4,337.49,5,4,2,0
17737.0,2,168.24,5,3,1,0
17738.0,5,1863.35,4,4,4,0
17739.0,8,2786.05,4,5,5,0
17742.0,2,355.11,2,3,2,1
17744.0,7,2291.08,5,5,5,0
17746.0,2,98.8,1,3,1,1
17747.0,2,64.65,2,3,1,1
17749.0,2,674.52,2,3,3,1
17750.0,9,1710.45,5,5,4,0
17752.0,1,80.64,1,2,1,1
17754.0,6,1632.31,5,4,4,0
17757.0,31,5573.59,5,5,5,0
17758.0,8,3408.2,4,5,5,0
17759.0,3,819.96,4,3,3,0
17760.0,2,287.59,4,3,2,0
17761.0,1,712.78,3,2,3,0
17763.0,1,15.0,1,2,1,1
17764.0,2,772.55,3,3,3,0
17765.0,3,367.63,2,3,2,1
17767.0,1,271.2,4,2,2,0
17768.0,3,2081.9,5,3,5,0
17769.0,12,3920.08,4,5,5,0
17770.0,5,1143.27,1,4,4,1
17771.0,2,245.81,3,3,2,0
17772.0,2,173.45,5,3,1,0
17774.0,5,1203.78,2,4,4,1
17775.0,1,56.4,1,2,1,1
17777.0,3,647.56,4,3,3,0
17779.0,5,633.92,4,4,3,0
17781.0,2,188.02,2,3,1,1
17783.0,2,283.47,2,3,2,0
17785.0,1,131.94,3,2,1,0
17786.0,2,266.85,2,3,2,0
17787.0,4,1817.54,2,4,4,1
17788.0,2,1117.9,2,3,4,0
17789.0,1,225.9,1,2,1,1
17790.0,14,1964.3,4,5,4,0
17791.0,1,106.1,4,2,1,0
17793.0,1,300.34,4,2,2,0
17795.0,2,342.83,1,3,2,1
17796.0,4,690.0,3,4,3,0
17797.0,3,780.43,4,3,3,0
17799.0,11,3009.32,4,5,5,0
17800.0,9,1187.21,3,5,4,0
17802.0,4,1251.84,2,4,4,0
17805.0,1,512.31,2,2,3,0
17806.0,1,546.04,5,2,3,0
17809.0,15,4627.62,4,5,5,0
17811.0,51,7601.8,5,5,5,0
17812.0,4,699.81,4,4,3,0
17813.0,7,1641.79,4,5,4,0
17816.0,4,36.56,3,4,1,0
17817.0,3,387.68,5,3,2,0
17819.0,8,3661.07,2,5,5,0
17820.0,2,-24.05,1,3,1,1
17824.0,1,298.4,3,2,2,0
17827.0,5,1987.33,5,4,4,0
17828.0,9,1599.97,5,5,4,0
17829.0,1,889.24,1,2,3,1
17830.0,3,398.7,5,3,2,0
17831.0,1,35.400000000000006,3,2,1,0
17832.0,1,155.37,3,2,1,0
17835.0,3,342.24,5,3,2,0
17836.0,1,110.21,3,2,1,0
17837.0,10,1508.38,3,5,4,0
17838.0,6,2267.4,4,4,5,0
17839.0,1,318.15,3,2,2,0
17841.0,169,39869.05,5,5,5,0
17843.0,1,205.48,1,2,1,1
17844.0,1,51.56,2,2,1,1
17846.0,1,2033.1,2,2,5,0
17848.0,9,901.2,2,5,3,0
17849.0,4,605.8000000000001,1,4,3,1
17850.0,35,5303.4800000000005,1,5,5,1
17852.0,2,114.34,4,3,1,0
17854.0,2,311.26,1,3,2,1
17855.0,1,208.97,1,2,1,1
17856.0,6,1393.79,5,4,4,0
17857.0,25,26763.34,5,5,5,0
17858.0,12,5140.66,5,5,5,0
17859.0,1,141.92,1,2,1,1
17860.0,1,226.45,1,2,1,1
17861.0,9,2056.28,5,5,5,0
17862.0,1,330.9,1,2,2,1
17863.0,6,3160.0,3,4,5,0
17864.0,3,554.85,4,3,3,0
17865.0,27,10158.54,4,5,5,0
17866.0,2,325.7,2,3,2,1
17867.0,8,583.52,4,5,3,0
17869.0,5,428.18,2,4,2,1
17870.0,13,1860.94,5,5,4,0
17871.0,1,155.9,1,2,1,1
17873.0,6,1754.16,2,4,4,0
17874.0,7,658.26,1,5,3,1
17877.0,1,237.61,2,2,2,1
17878.0,1,379.45,3,2,2,0
17879.0,1,178.52,2,2,1,1
17880.0,1,458.92,1,2,2,1
17881.0,1,133.35,1,2,1,1
17883.0,4,664.34,5,4,3,0
17884.0,4,695.07,5,4,3,0
17885.0,1,156.34,4,2,1,0
17886.0,3,869.28,4,3,3,0
17887.0,1,111.35,2,2,1,1
17888.0,10,515.73,4,5,3,0
17889.0,2,201.37,1,3,1,1
17890.0,2,586.89,1,3,3,1
17891.0,1,203.86,2,2,1,1
17892.0,3,244.1,3,3,2,0
17893.0,1,107.21,1,2,1,1
17894.0,8,1118.96,2,5,4,0
17895.0,1,95.45,3,2,1,0
17896.0,1,256.32,4,2,2,0
17897.0,4,516.31,2,4,3,1
17898.0,2,152.06,2,3,1,0
17899.0,1,154.55,2,2,1,1
17900.0,4,15.0,2,4,1,1
17901.0,1,110.38,4,2,1,0
17904.0,2,168.32,4,3,1,0
17905.0,4,798.99,3,4,3,0
17906.0,1,72.9,1,2,1,1
17908.0,1,232.03,1,2,1,1
17911.0,1,366.23,5,2,2,0
17912.0,6,294.66,1,4,2,1
17913.0,2,408.65,3,3,2,0
17914.0,1,329.36,5,2,2,0
17917.0,3,335.03,3,3,2,0
17919.0,1,1304.04,2,2,4,0
17920.0,17,4119.5,5,5,5,0
17921.0,4,820.23,3,4,3,0
17923.0,1,207.50000000000003,1,2,1,1
17924.0,13,2894.33,5,5,5,0
17925.0,1,244.08,1,2,2,1
17926.0,2,397.29,2,3,2,1
17928.0,2,212.54,3,3,1,0
17929.0,5,834.5,5,4,3,0
17930.0,5,1740.48,3,4,4,0
17931.0,2,408.36,2,3,2,1
17932.0,3,1331.57,4,3,4,0
17934.0,2,704.25,3,3,3,0
17935.0,2,145.79,2,3,1,1
17936.0,1,380.13,5,2,2,0
17937.0,7,4301.22,5,5,5,0
17939.0,1,99.14,2,2,1,1
17940.0,14,1897.18,3,5,4,0
17941.0,1,304.56,2,2,2,1
17942.0,1,77.50000000000001,5,2,1,0
17946.0,2,149.57999999999998,1,3,1,1
17947.0,1,176.68,3,2,1,0
17948.0,1,358.56000000000006,2,2,2,1
17949.0,52,52750.84,5,5,5,0
17950.0,4,472.12,2,4,3,0
17951.0,4,990.84,3,4,4,0
17954.0,16,2276.78,5,5,5,0
17955.0,4,557.3,1,4,3,1
17956.0,1,12.75,1,2,1,1
17957.0,1,111.68,3,2,1,0
17958.0,1,508.46,2,2,3,1
17960.0,1,73.78,2,2,1,1
17961.0,39,1296.44,4,5,4,0
17962.0,1,102.41,2,2,1,1
17964.0,2,463.21,4,3,2,0
17965.0,14,2599.19,3,5,5,0
17966.0,5,1098.43,3,4,4,0
17967.0,1,112.27,1,2,1,1
17968.0,1,265.1,1,2,2,1
17969.0,2,228.2,2,3,1,1
17970.0,1,562.79,1,2,3,1
17972.0,1,135.19,1,2,1,1
17973.0,1,337.04,3,2,2,0
17974.0,3,703.99,4,3,3,0
17975.0,14,4388.06,4,5,5,0
17976.0,1,321.79,1,2,2,1
17977.0,1,288.14,4,2,2,0
17978.0,1,300.92,1,2,2,1
17979.0,5,712.51,3,4,3,0
17980.0,3,811.45,2,3,3,1
17984.0,1,152.68,2,2,1,1
17985.0,1,631.35,4,2,3,0
17986.0,1,20.8,3,2,1,0
17987.0,1,198.57,1,2,1,1
17988.0,8,191.17,4,5,1,0
17990.0,3,630.84,1,3,3,1
17991.0,2,93.35,1,3,1,1
17994.0,6,626.09,2,4,3,1
17995.0,1,76.1,1,2,1,1
17997.0,12,1503.09,2,5,4,0
17999.0,2,380.39,3,3,2,0
18001.0,2,415.13,4,3,2,0
18004.0,1,157.92,1,2,1,1
18005.0,2,226.47,5,3,1,0
18006.0,1,444.68,4,2,2,0
18008.0,9,2116.19,3,5,5,0
18009.0,2,242.29,1,3,2,1
18010.0,1,174.8,1,2,1,1
18011.0,1,102.79,1,2,1,1
18013.0,2,187.29,2,3,1,1
18014.0,1,162.22,4,2,1,0
18015.0,1,120.03,5,2,1,0
18016.0,5,1477.66,4,4,4,0
18017.0,3,523.0,2,3,3,0
18018.0,2,122.14,2,3,1,1
18019.0,1,38.45,3,2,1,0
18022.0,1,612.72,3,2,3,0
18024.0,3,236.78,2,3,2,1
18027.0,1,115.31,2,2,1,1
18030.0,3,220.7,5,3,1,0
18032.0,1,73.5,1,2,1,1
18033.0,1,93.82,3,2,1,0
18034.0,2,418.68,4,3,2,0
18035.0,3,713.89,3,3,3,0
18036.0,3,403.12,4,3,2,0
18037.0,6,70.02,2,4,1,1
18040.0,2,357.20000000000005,4,3,2,0
18041.0,22,4075.12,4,5,5,0
18042.0,1,165.04999999999998,3,2,1,0
18043.0,3,529.29,4,3,3,0
18044.0,11,2085.65,5,5,5,0
18045.0,1,178.34,3,2,1,0
18048.0,2,172.29000000000002,1,3,1,1
18050.0,1,74.4,1,2,1,1
18053.0,2,297.07,3,3,2,0
18055.0,11,6729.29,5,5,5,0
18056.0,1,363.65,1,2,2,1
18058.0,1,170.16,5,2,1,0
18059.0,4,296.71,5,4,2,0
18061.0,10,2119.41,4,5,5,0
18062.0,3,720.52,2,3,3,1
18064.0,2,814.0,2,3,3,1
18065.0,15,2380.08,5,5,5,0
18066.0,1,318.0,2,2,2,0
18067.0,1,396.33,3,2,2,0
18068.0,1,101.7,1,2,1,1
18069.0,7,1994.39,4,5,5,0
18071.0,2,453.0,1,3,2,1
18072.0,2,0.0,2,3,1,1
18073.0,13,3846.74,2,5,5,1
18074.0,1,489.6,1,2,3,1
18075.0,14,2538.7200000000003,4,5,5,0
18077.0,11,2584.41,5,5,5,0
18078.0,2,336.13,1,3,2,1
18079.0,4,3613.15,3,4,5,0
18080.0,2,1231.5,4,3,4,0
18081.0,3,343.45,3,3,2,0
18082.0,1,680.84,4,2,3,0
18084.0,2,87.53,4,3,1,0
18085.0,2,689.95,1,3,3,1
18086.0,1,101.34,1,2,1,1
18087.0,4,3770.12,2,4,5,1
18088.0,1,166.03,3,2,1,0
18092.0,12,9065.76,5,5,5,0
18093.0,5,2083.42,2,4,5,1
18094.0,7,3017.3,2,5,5,0
18095.0,2,580.05,1,3,3,1
18096.0,3,849.06,4,3,3,0
18097.0,7,2657.4500000000003,5,5,5,0
18099.0,1,168.31,2,2,1,1
18101.0,2,222.4,5,3,1,0
18102.0,62,256438.49,5,5,5,0
18104.0,1,754.64,3,2,3,0
18105.0,1,113.48000000000002,3,2,1,0
18106.0,1,421.9,1,2,2,1
18108.0,2,264.65,1,3,2,1
18109.0,31,7877.27,5,5,5,0
18110.0,2,168.55,4,3,1,0
18112.0,2,352.69,4,3,2,0
18113.0,1,76.32000000000001,1,2,1,1
18114.0,1,220.1,1,2,1,1
18116.0,8,1403.11,3,5,4,0
18117.0,1,315.65,4,2,2,0
18118.0,31,5567.03,5,5,5,0
18119.0,1,180.7,1,2,1,1
18120.0,1,111.15,1,2,1,1
18121.0,2,653.3000000000001,2,3,3,1
18122.0,6,1793.06,5,4,4,0
18123.0,2,574.4399999999999,4,3,3,0
18125.0,5,1130.1,4,4,4,0
18126.0,1,200.92,3,2,1,0
18127.0,3,347.08,4,3,2,0
18129.0,1,112.55,1,2,1,1
18130.0,4,1045.74,5,4,4,0
18133.0,2,715.5,1,3,3,1
18135.0,5,681.91,4,4,3,0
18136.0,4,761.83,3,4,3,0
18138.0,1,152.65,1,2,1,1
18139.0,8,8393.22,4,5,5,0
18141.0,1,-35.400000000000006,1,2,1,1
18142.0,4,1014.9,2,4,4,1
18143.0,2,1000.16,2,3,4,1
18144.0,12,2888.75,5,5,5,0
18145.0,4,2861.55,4,4,5,0
18146.0,2,160.35,2,3,1,1
18147.0,2,179.34,3,3,1,0
18149.0,3,612.0799999999999,3,3,3,0
18150.0,3,566.58,4,3,3,0
18151.0,2,653.35,2,3,3,1
18154.0,2,399.19,5,3,2,0
18155.0,4,347.82,2,4,2,0
18156.0,2,675.64,4,3,3,0
18158.0,3,451.75,5,3,2,0
18159.0,1,530.15,1,2,3,1
18160.0,2,638.0600000000001,3,3,3,0
18161.0,6,1612.79,5,4,4,0
18164.0,2,394.7,4,3,2,0
18165.0,1,302.46,2,2,2,1
18167.0,6,1355.51,5,4,4,0
18168.0,9,1123.74,2,5,4,1
18169.0,1,202.65,3,2,1,0
18170.0,3,980.31,3,3,4,0
18171.0,7,1208.51,3,5,4,0
18172.0,25,7490.17,4,5,5,0
18173.0,4,2106.84,2,4,5,0
18174.0,1,104.0,5,2,1,0
18176.0,2,448.65,1,3,2,1
18177.0,7,1313.62,4,5,4,0
18178.0,6,1573.41,2,4,4,1
18179.0,6,1793.17,5,4,4,0
18180.0,6,1843.75,5,4,4,0
18181.0,1,366.85,4,2,2,0
18183.0,6,600.52,1,4,3,1
18184.0,1,49.8,4,2,1,0
18185.0,1,304.25,1,2,2,1
18188.0,4,1998.49,4,4,5,0
18189.0,3,1084.34,2,3,4,0
18190.0,3,274.51,1,3,2,1
18191.0,1,207.8,1,2,1,1
18192.0,1,957.97,2,2,4,0
18193.0,3,212.96,2,3,1,1
18194.0,2,896.0,3,3,3,0
18196.0,2,686.63,2,3,3,1
18198.0,21,5083.06,5,5,5,0
18200.0,1,150.35,2,2,1,1
18202.0,3,1396.99,1,3,4,1
18203.0,1,160.42000000000002,2,2,1,1
18204.0,4,1960.95,3,4,4,0
18205.0,2,517.36,3,3,3,0
18209.0,1,139.10000000000002,4,2,1,0
18210.0,6,2621.38,5,4,5,0
18211.0,5,600.07,4,4,3,0
18212.0,1,216.07,1,2,1,1
18213.0,1,232.48,1,2,1,1
18215.0,1,299.34000000000003,2,2,2,0
18216.0,1,481.75,4,2,3,0
18217.0,2,621.75,4,3,3,0
18218.0,4,606.22,1,4,3,1
18219.0,11,2019.77,5,5,5,0
18220.0,2,297.78,1,3,2,1
18221.0,6,1033.31,4,4,4,0
18222.0,1,443.0,2,2,2,1
18223.0,27,6315.2300000000005,5,5,5,0
18224.0,1,158.95000000000002,1,2,1,1
18225.0,17,5356.86,5,5,5,0
18226.0,14,5192.1,3,5,5,0
18227.0,1,93.75,1,2,1,1
18228.0,3,769.2,3,3,3,0
18229.0,20,7276.9,4,5,5,0
18230.0,10,2716.6,5,5,5,0
18231.0,6,2054.67,1,4,5,1
18232.0,5,582.47,2,4,3,0
18233.0,1,440.0,1,2,2,1
18235.0,3,1796.48,2,3,4,0
18236.0,6,882.24,4,4,3,0
18237.0,5,987.1,5,4,4,0
18239.0,5,1561.61,1,4,4,1
18240.0,1,422.58,3,2,2,0
18241.0,18,2058.09,5,5,5,0
18242.0,4,2232.49,2,4,5,0
18245.0,8,2507.56,5,5,5,0
18246.0,2,596.1,4,3,3,0
18248.0,4,783.02,2,4,3,1
18249.0,1,95.34,4,2,1,0
18250.0,2,342.92,1,3,2,1
18251.0,1,4314.72,2,2,5,0
18252.0,2,518.27,3,3,3,0
18255.0,1,103.3,2,2,1,0
18256.0,1,-50.1,1,2,1,1
18257.0,12,2265.38,3,5,5,0
18259.0,3,2338.6,4,3,5,0
18260.0,8,2580.15,2,5,5,1
18261.0,2,324.24,3,3,2,0
18262.0,1,149.48,2,2,1,1
18263.0,4,1211.08,4,4,4,0
18265.0,2,801.51,2,3,3,0
18268.0,2,0.0,2,3,1,1
18269.0,2,138.9,1,3,1,1
18270.0,3,238.95,3,3,2,0
18272.0,7,3064.78,5,5,5,0
18273.0,3,204.0,5,3,1,0
18274.0,2,-1.7763568394002505e-15,4,3,1,0
18276.0,3,323.36,4,3,2,0
18277.0,2,97.63,3,3,1,0
18278.0,1,173.9,2,2,1,0
18280.0,1,180.6,1,2,1,1
18281.0,1,80.82,1,2,1,1
18282.0,3,176.6,5,3,1,0
18283.0,16,2045.53,5,5,5,0
18287.0,3,1837.28,3,3,4,0
